-- phpMyAdmin SQL Dump
-- version 5.2.2
-- https://www.phpmyadmin.net/
--
-- Host: localhost:3306
-- Generation Time: Apr 01, 2026 at 02:21 PM
-- Server version: 8.4.3
-- PHP Version: 8.3.26

SET SQL_MODE = "NO_AUTO_VALUE_ON_ZERO";
START TRANSACTION;
SET time_zone = "+00:00";


/*!40101 SET @OLD_CHARACTER_SET_CLIENT=@@CHARACTER_SET_CLIENT */;
/*!40101 SET @OLD_CHARACTER_SET_RESULTS=@@CHARACTER_SET_RESULTS */;
/*!40101 SET @OLD_COLLATION_CONNECTION=@@COLLATION_CONNECTION */;
/*!40101 SET NAMES utf8mb4 */;

--
-- Database: `food_system_v3`
--

-- --------------------------------------------------------

--
-- Table structure for table `cache`
--

CREATE TABLE `cache` (
  `key` varchar(255) CHARACTER SET utf8mb4 COLLATE utf8mb4_unicode_ci NOT NULL,
  `value` mediumtext CHARACTER SET utf8mb4 COLLATE utf8mb4_unicode_ci NOT NULL,
  `expiration` int NOT NULL
) ENGINE=InnoDB DEFAULT CHARSET=utf8mb4 COLLATE=utf8mb4_unicode_ci;

--
-- Dumping data for table `cache`
--

INSERT INTO `cache` (`key`, `value`, `expiration`) VALUES
('laravel-cache-spatie.permission.cache', 'a:3:{s:5:\"alias\";a:4:{s:1:\"a\";s:2:\"id\";s:1:\"b\";s:4:\"name\";s:1:\"c\";s:10:\"guard_name\";s:1:\"r\";s:5:\"roles\";}s:11:\"permissions\";a:47:{i:0;a:4:{s:1:\"a\";i:1;s:1:\"b\";s:18:\"الاعدادات\";s:1:\"c\";s:3:\"web\";s:1:\"r\";a:1:{i:0;i:1;}}i:1;a:4:{s:1:\"a\";i:2;s:1:\"b\";s:20:\"المستخدمين\";s:1:\"c\";s:3:\"web\";s:1:\"r\";a:1:{i:0;i:1;}}i:2;a:4:{s:1:\"a\";i:3;s:1:\"b\";s:27:\"اضافة مستخدمين\";s:1:\"c\";s:3:\"web\";s:1:\"r\";a:1:{i:0;i:1;}}i:3;a:4:{s:1:\"a\";i:4;s:1:\"b\";s:27:\"تعديل مستخدمين\";s:1:\"c\";s:3:\"web\";s:1:\"r\";a:1:{i:0;i:1;}}i:4;a:4:{s:1:\"a\";i:5;s:1:\"b\";s:23:\"حذف مستخدمين\";s:1:\"c\";s:3:\"web\";s:1:\"r\";a:1:{i:0;i:1;}}i:5;a:4:{s:1:\"a\";i:6;s:1:\"b\";s:27:\"عرض المستخدمين\";s:1:\"c\";s:3:\"web\";s:1:\"r\";a:1:{i:0;i:1;}}i:6;a:4:{s:1:\"a\";i:7;s:1:\"b\";s:18:\"الصلاحيات\";s:1:\"c\";s:3:\"web\";s:1:\"r\";a:1:{i:0;i:1;}}i:7;a:4:{s:1:\"a\";i:8;s:1:\"b\";s:23:\"اضافة صلاحية\";s:1:\"c\";s:3:\"web\";s:1:\"r\";a:1:{i:0;i:1;}}i:8;a:4:{s:1:\"a\";i:9;s:1:\"b\";s:23:\"تعديل صلاحية\";s:1:\"c\";s:3:\"web\";s:1:\"r\";a:1:{i:0;i:1;}}i:9;a:4:{s:1:\"a\";i:10;s:1:\"b\";s:19:\"حذف صلاحية\";s:1:\"c\";s:3:\"web\";s:1:\"r\";a:1:{i:0;i:1;}}i:10;a:4:{s:1:\"a\";i:11;s:1:\"b\";s:27:\"اعدادت السيستم\";s:1:\"c\";s:3:\"web\";s:1:\"r\";a:1:{i:0;i:1;}}i:11;a:4:{s:1:\"a\";i:12;s:1:\"b\";s:14:\"الاقسام\";s:1:\"c\";s:3:\"web\";s:1:\"r\";a:1:{i:0;i:1;}}i:12;a:4:{s:1:\"a\";i:13;s:1:\"b\";s:17:\"اضافة صنف\";s:1:\"c\";s:3:\"web\";s:1:\"r\";a:1:{i:0;i:1;}}i:13;a:4:{s:1:\"a\";i:14;s:1:\"b\";s:17:\"تعديل صنف\";s:1:\"c\";s:3:\"web\";s:1:\"r\";a:1:{i:0;i:1;}}i:14;a:4:{s:1:\"a\";i:15;s:1:\"b\";s:13:\"حذف صنف\";s:1:\"c\";s:3:\"web\";s:1:\"r\";a:1:{i:0;i:1;}}i:15;a:4:{s:1:\"a\";i:16;s:1:\"b\";s:13:\"عرض صنف\";s:1:\"c\";s:3:\"web\";s:1:\"r\";a:1:{i:0;i:1;}}i:16;a:4:{s:1:\"a\";i:17;s:1:\"b\";s:16:\"المنتجات\";s:1:\"c\";s:3:\"web\";s:1:\"r\";a:1:{i:0;i:1;}}i:17;a:4:{s:1:\"a\";i:18;s:1:\"b\";s:19:\"اضافة منتج\";s:1:\"c\";s:3:\"web\";s:1:\"r\";a:1:{i:0;i:1;}}i:18;a:4:{s:1:\"a\";i:19;s:1:\"b\";s:19:\"تعديل منتج\";s:1:\"c\";s:3:\"web\";s:1:\"r\";a:1:{i:0;i:1;}}i:19;a:4:{s:1:\"a\";i:20;s:1:\"b\";s:15:\"حذف منتج\";s:1:\"c\";s:3:\"web\";s:1:\"r\";a:1:{i:0;i:1;}}i:20;a:4:{s:1:\"a\";i:21;s:1:\"b\";s:15:\"عرض منتج\";s:1:\"c\";s:3:\"web\";s:1:\"r\";a:1:{i:0;i:1;}}i:21;a:4:{s:1:\"a\";i:22;s:1:\"b\";s:16:\"الطاولات\";s:1:\"c\";s:3:\"web\";s:1:\"r\";a:1:{i:0;i:1;}}i:22;a:4:{s:1:\"a\";i:23;s:1:\"b\";s:23:\"اضافة طاولات\";s:1:\"c\";s:3:\"web\";s:1:\"r\";a:1:{i:0;i:1;}}i:23;a:4:{s:1:\"a\";i:24;s:1:\"b\";s:23:\"تعديل طاولات\";s:1:\"c\";s:3:\"web\";s:1:\"r\";a:1:{i:0;i:1;}}i:24;a:4:{s:1:\"a\";i:25;s:1:\"b\";s:19:\"حذف طاولات\";s:1:\"c\";s:3:\"web\";s:1:\"r\";a:1:{i:0;i:1;}}i:25;a:4:{s:1:\"a\";i:26;s:1:\"b\";s:23:\"عرض الطاولات\";s:1:\"c\";s:3:\"web\";s:1:\"r\";a:1:{i:0;i:1;}}i:26;a:4:{s:1:\"a\";i:27;s:1:\"b\";s:16:\"الحجوزات\";s:1:\"c\";s:3:\"web\";s:1:\"r\";a:2:{i:0;i:1;i:1;i:5;}}i:27;a:4:{s:1:\"a\";i:28;s:1:\"b\";s:23:\"اضافة حجوزات\";s:1:\"c\";s:3:\"web\";s:1:\"r\";a:2:{i:0;i:1;i:1;i:5;}}i:28;a:4:{s:1:\"a\";i:29;s:1:\"b\";s:23:\"تعديل حجوزات\";s:1:\"c\";s:3:\"web\";s:1:\"r\";a:2:{i:0;i:1;i:1;i:5;}}i:29;a:4:{s:1:\"a\";i:30;s:1:\"b\";s:19:\"حذف حجوزات\";s:1:\"c\";s:3:\"web\";s:1:\"r\";a:1:{i:0;i:1;}}i:30;a:4:{s:1:\"a\";i:31;s:1:\"b\";s:23:\"عرض الحجوزات\";s:1:\"c\";s:3:\"web\";s:1:\"r\";a:2:{i:0;i:1;i:1;i:5;}}i:31;a:4:{s:1:\"a\";i:32;s:1:\"b\";s:14:\"الطلبات\";s:1:\"c\";s:3:\"web\";s:1:\"r\";a:1:{i:0;i:1;}}i:32;a:4:{s:1:\"a\";i:33;s:1:\"b\";s:21:\"اضافة طلبات\";s:1:\"c\";s:3:\"web\";s:1:\"r\";a:1:{i:0;i:1;}}i:33;a:4:{s:1:\"a\";i:34;s:1:\"b\";s:21:\"تعديل طلبات\";s:1:\"c\";s:3:\"web\";s:1:\"r\";a:1:{i:0;i:1;}}i:34;a:4:{s:1:\"a\";i:35;s:1:\"b\";s:17:\"حذف طلبات\";s:1:\"c\";s:3:\"web\";s:1:\"r\";a:1:{i:0;i:1;}}i:35;a:4:{s:1:\"a\";i:36;s:1:\"b\";s:21:\"عرض الطلبات\";s:1:\"c\";s:3:\"web\";s:1:\"r\";a:1:{i:0;i:1;}}i:36;a:4:{s:1:\"a\";i:37;s:1:\"b\";s:30:\"تحديث حالة الطلب\";s:1:\"c\";s:3:\"web\";s:1:\"r\";a:1:{i:0;i:1;}}i:37;a:4:{s:1:\"a\";i:38;s:1:\"b\";s:12:\"المطبخ\";s:1:\"c\";s:3:\"web\";s:1:\"r\";a:2:{i:0;i:1;i:1;i:12;}}i:38;a:4:{s:1:\"a\";i:39;s:1:\"b\";s:30:\"عرض طلبات المطبخ\";s:1:\"c\";s:3:\"web\";s:1:\"r\";a:2:{i:0;i:1;i:1;i:12;}}i:39;a:4:{s:1:\"a\";i:40;s:1:\"b\";s:45:\"تحديث حالة الطلب بالمطبخ\";s:1:\"c\";s:3:\"web\";s:1:\"r\";a:2:{i:0;i:1;i:1;i:12;}}i:40;a:4:{s:1:\"a\";i:41;s:1:\"b\";s:16:\"التقارير\";s:1:\"c\";s:3:\"web\";s:1:\"r\";a:1:{i:0;i:1;}}i:41;a:4:{s:1:\"a\";i:42;s:1:\"b\";s:23:\"عرض التقارير\";s:1:\"c\";s:3:\"web\";s:1:\"r\";a:1:{i:0;i:1;}}i:42;a:4:{s:1:\"a\";i:43;s:1:\"b\";s:14:\"الكاشير\";s:1:\"c\";s:3:\"web\";s:1:\"r\";a:2:{i:0;i:1;i:1;i:8;}}i:43;a:4:{s:1:\"a\";i:44;s:1:\"b\";s:23:\"لوحة المسوول\";s:1:\"c\";s:3:\"web\";s:1:\"r\";a:1:{i:0;i:1;}}i:44;a:4:{s:1:\"a\";i:45;s:1:\"b\";s:26:\"اسليدر الموقع \";s:1:\"c\";s:3:\"web\";s:1:\"r\";a:1:{i:0;i:1;}}i:45;a:4:{s:1:\"a\";i:46;s:1:\"b\";s:25:\"الموقع للمطعم\";s:1:\"c\";s:3:\"web\";s:1:\"r\";a:1:{i:0;i:1;}}i:46;a:4:{s:1:\"a\";i:50;s:1:\"b\";s:28:\"طالبات العملاء \";s:1:\"c\";s:3:\"web\";s:1:\"r\";a:2:{i:0;i:1;i:1;i:5;}}}s:5:\"roles\";a:4:{i:0;a:3:{s:1:\"a\";i:1;s:1:\"b\";s:5:\"admin\";s:1:\"c\";s:3:\"web\";}i:1;a:3:{s:1:\"a\";i:5;s:1:\"b\";s:6:\"waiter\";s:1:\"c\";s:3:\"web\";}i:2;a:3:{s:1:\"a\";i:12;s:1:\"b\";s:12:\"KitchenStaff\";s:1:\"c\";s:3:\"web\";}i:3;a:3:{s:1:\"a\";i:8;s:1:\"b\";s:7:\"Cashier\";s:1:\"c\";s:3:\"web\";}}}', 1775139074);

-- --------------------------------------------------------

--
-- Table structure for table `cache_locks`
--

CREATE TABLE `cache_locks` (
  `key` varchar(255) CHARACTER SET utf8mb4 COLLATE utf8mb4_unicode_ci NOT NULL,
  `owner` varchar(255) CHARACTER SET utf8mb4 COLLATE utf8mb4_unicode_ci NOT NULL,
  `expiration` int NOT NULL
) ENGINE=InnoDB DEFAULT CHARSET=utf8mb4 COLLATE=utf8mb4_unicode_ci;

-- --------------------------------------------------------

--
-- Table structure for table `categories`
--

CREATE TABLE `categories` (
  `id` bigint UNSIGNED NOT NULL,
  `name` varchar(255) CHARACTER SET utf8mb4 COLLATE utf8mb4_unicode_ci NOT NULL,
  `created_at` timestamp NULL DEFAULT NULL,
  `updated_at` timestamp NULL DEFAULT NULL
) ENGINE=InnoDB DEFAULT CHARSET=utf8mb4 COLLATE=utf8mb4_unicode_ci;

--
-- Dumping data for table `categories`
--

INSERT INTO `categories` (`id`, `name`, `created_at`, `updated_at`) VALUES
(10, 'السندوتشات', '2026-02-09 21:16:44', '2026-02-09 21:16:44'),
(12, 'الوجبات', '2026-02-09 21:19:40', '2026-02-09 21:19:40'),
(13, 'الاطباق', '2026-02-09 21:21:11', '2026-02-09 23:38:55'),
(14, 'سلطات', '2026-02-09 21:21:34', '2026-02-09 21:21:34'),
(15, 'مشروبات', '2026-02-09 21:21:53', '2026-02-09 21:21:53'),
(16, 'الحلو', '2026-02-09 21:22:07', '2026-02-09 21:22:07'),
(25, 'المقبلات', '2026-02-20 13:54:56', '2026-02-20 13:54:56');

-- --------------------------------------------------------

--
-- Table structure for table `customer_carts`
--

CREATE TABLE `customer_carts` (
  `id` bigint UNSIGNED NOT NULL,
  `name` varchar(255) CHARACTER SET utf8mb4 COLLATE utf8mb4_unicode_ci NOT NULL,
  `phone` varchar(255) CHARACTER SET utf8mb4 COLLATE utf8mb4_unicode_ci NOT NULL,
  `email` varchar(255) CHARACTER SET utf8mb4 COLLATE utf8mb4_unicode_ci DEFAULT NULL,
  `address` varchar(255) CHARACTER SET utf8mb4 COLLATE utf8mb4_unicode_ci DEFAULT NULL,
  `total` decimal(10,2) NOT NULL DEFAULT '0.00',
  `status` enum('pending','completed') CHARACTER SET utf8mb4 COLLATE utf8mb4_unicode_ci NOT NULL DEFAULT 'pending',
  `created_at` timestamp NULL DEFAULT NULL,
  `updated_at` timestamp NULL DEFAULT NULL
) ENGINE=InnoDB DEFAULT CHARSET=utf8mb4 COLLATE=utf8mb4_unicode_ci;

--
-- Dumping data for table `customer_carts`
--

INSERT INTO `customer_carts` (`id`, `name`, `phone`, `email`, `address`, `total`, `status`, `created_at`, `updated_at`) VALUES
(55, 'SAMIR ElSayed', '01225399159', NULL, 'الاستاد  برج الزهراء', 20.00, 'pending', '2026-03-27 23:46:10', '2026-03-27 23:46:10'),
(56, 'Rhoda Warner', '01225399114', NULL, 'Velit sint earum mai', 120.00, 'pending', '2026-03-27 23:49:24', '2026-03-27 23:49:24'),
(57, 'Kimberley Craig', '01225399159', NULL, 'Quia explicabo Labo', 260.00, 'pending', '2026-03-28 02:56:16', '2026-03-28 02:56:16');

-- --------------------------------------------------------

--
-- Table structure for table `customer_cart_ors`
--

CREATE TABLE `customer_cart_ors` (
  `id` bigint UNSIGNED NOT NULL,
  `customer_cart_id` bigint UNSIGNED NOT NULL,
  `product_name` varchar(255) CHARACTER SET utf8mb4 COLLATE utf8mb4_unicode_ci NOT NULL,
  `quantity` int NOT NULL,
  `price` decimal(8,2) NOT NULL,
  `total` decimal(8,2) NOT NULL,
  `created_at` timestamp NULL DEFAULT NULL,
  `updated_at` timestamp NULL DEFAULT NULL
) ENGINE=InnoDB DEFAULT CHARSET=utf8mb4 COLLATE=utf8mb4_unicode_ci;

--
-- Dumping data for table `customer_cart_ors`
--

INSERT INTO `customer_cart_ors` (`id`, `customer_cart_id`, `product_name`, `quantity`, `price`, `total`, `created_at`, `updated_at`) VALUES
(72, 55, 'ساندوتش كفتة مشوية', 1, 20.00, 20.00, '2026-03-27 23:46:10', '2026-03-27 23:46:10'),
(73, 56, 'ساندوتش كفتة مشوية', 3, 20.00, 60.00, '2026-03-27 23:49:24', '2026-03-27 23:49:24'),
(74, 56, 'ساندوتش دجاج بانيه', 2, 30.00, 60.00, '2026-03-27 23:49:24', '2026-03-27 23:49:24'),
(75, 57, 'أرز بالخلطه', 1, 40.00, 40.00, '2026-03-28 02:56:16', '2026-03-28 02:56:16'),
(76, 57, 'أرز مسلوق', 1, 40.00, 40.00, '2026-03-28 02:56:16', '2026-03-28 02:56:16'),
(77, 57, 'مكرونه اسباجتي باللحمه المفرومه', 1, 60.00, 60.00, '2026-03-28 02:56:16', '2026-03-28 02:56:16'),
(78, 57, 'مكرونه بالبشاميل واللحمه المفرومه بالفرن', 1, 50.00, 50.00, '2026-03-28 02:56:16', '2026-03-28 02:56:16'),
(79, 57, 'شوربة لسان عصفور', 1, 30.00, 30.00, '2026-03-28 02:56:16', '2026-03-28 02:56:16'),
(80, 57, 'عصير ليمون', 1, 20.00, 20.00, '2026-03-28 02:56:16', '2026-03-28 02:56:16'),
(81, 57, 'ارز باللبن', 1, 20.00, 20.00, '2026-03-28 02:56:16', '2026-03-28 02:56:16');

-- --------------------------------------------------------

--
-- Table structure for table `failed_jobs`
--

CREATE TABLE `failed_jobs` (
  `id` bigint UNSIGNED NOT NULL,
  `uuid` varchar(255) CHARACTER SET utf8mb4 COLLATE utf8mb4_unicode_ci NOT NULL,
  `connection` text CHARACTER SET utf8mb4 COLLATE utf8mb4_unicode_ci NOT NULL,
  `queue` text CHARACTER SET utf8mb4 COLLATE utf8mb4_unicode_ci NOT NULL,
  `payload` longtext CHARACTER SET utf8mb4 COLLATE utf8mb4_unicode_ci NOT NULL,
  `exception` longtext CHARACTER SET utf8mb4 COLLATE utf8mb4_unicode_ci NOT NULL,
  `failed_at` timestamp NOT NULL DEFAULT CURRENT_TIMESTAMP
) ENGINE=InnoDB DEFAULT CHARSET=utf8mb4 COLLATE=utf8mb4_unicode_ci;

-- --------------------------------------------------------

--
-- Table structure for table `jobs`
--

CREATE TABLE `jobs` (
  `id` bigint UNSIGNED NOT NULL,
  `queue` varchar(255) CHARACTER SET utf8mb4 COLLATE utf8mb4_unicode_ci NOT NULL,
  `payload` longtext CHARACTER SET utf8mb4 COLLATE utf8mb4_unicode_ci NOT NULL,
  `attempts` tinyint UNSIGNED NOT NULL,
  `reserved_at` int UNSIGNED DEFAULT NULL,
  `available_at` int UNSIGNED NOT NULL,
  `created_at` int UNSIGNED NOT NULL
) ENGINE=InnoDB DEFAULT CHARSET=utf8mb4 COLLATE=utf8mb4_unicode_ci;

-- --------------------------------------------------------

--
-- Table structure for table `job_batches`
--

CREATE TABLE `job_batches` (
  `id` varchar(255) CHARACTER SET utf8mb4 COLLATE utf8mb4_unicode_ci NOT NULL,
  `name` varchar(255) CHARACTER SET utf8mb4 COLLATE utf8mb4_unicode_ci NOT NULL,
  `total_jobs` int NOT NULL,
  `pending_jobs` int NOT NULL,
  `failed_jobs` int NOT NULL,
  `failed_job_ids` longtext CHARACTER SET utf8mb4 COLLATE utf8mb4_unicode_ci NOT NULL,
  `options` mediumtext CHARACTER SET utf8mb4 COLLATE utf8mb4_unicode_ci,
  `cancelled_at` int DEFAULT NULL,
  `created_at` int NOT NULL,
  `finished_at` int DEFAULT NULL
) ENGINE=InnoDB DEFAULT CHARSET=utf8mb4 COLLATE=utf8mb4_unicode_ci;

-- --------------------------------------------------------

--
-- Table structure for table `migrations`
--

CREATE TABLE `migrations` (
  `id` int UNSIGNED NOT NULL,
  `migration` varchar(255) CHARACTER SET utf8mb4 COLLATE utf8mb4_unicode_ci NOT NULL,
  `batch` int NOT NULL
) ENGINE=InnoDB DEFAULT CHARSET=utf8mb4 COLLATE=utf8mb4_unicode_ci;

--
-- Dumping data for table `migrations`
--

INSERT INTO `migrations` (`id`, `migration`, `batch`) VALUES
(1, '0001_01_01_000000_create_users_table', 1),
(2, '0001_01_01_000001_create_cache_table', 1),
(3, '0001_01_01_000002_create_jobs_table', 1),
(4, '2026_01_21_031309_create_permission_tables', 1),
(5, '2026_01_22_200628_create_categories_table', 1),
(6, '2026_01_23_004145_create_products_table', 1),
(7, '2026_01_23_230825_create_tables_table', 1),
(8, '2026_01_23_232009_create_reservations_table', 1),
(9, '2026_01_30_020802_create_orders_table', 1),
(12, '2026_02_09_211833_create_sliders_table', 2),
(18, '2026_01_30_195405_create_order_items_table', 3),
(21, '2026_02_14_071736_create_customer_carts_table', 4),
(23, '2026_02_14_071746_create_customer_cart_ors_table', 5),
(24, '2026_02_16_025512_create_settings_table', 6),
(25, '2026_03_02_125224_add_cost_price_to_products_table', 7);

-- --------------------------------------------------------

--
-- Table structure for table `model_has_permissions`
--

CREATE TABLE `model_has_permissions` (
  `permission_id` bigint UNSIGNED NOT NULL,
  `model_type` varchar(255) CHARACTER SET utf8mb4 COLLATE utf8mb4_unicode_ci NOT NULL,
  `model_id` bigint UNSIGNED NOT NULL
) ENGINE=InnoDB DEFAULT CHARSET=utf8mb4 COLLATE=utf8mb4_unicode_ci;

-- --------------------------------------------------------

--
-- Table structure for table `model_has_roles`
--

CREATE TABLE `model_has_roles` (
  `role_id` bigint UNSIGNED NOT NULL,
  `model_type` varchar(255) CHARACTER SET utf8mb4 COLLATE utf8mb4_unicode_ci NOT NULL,
  `model_id` bigint UNSIGNED NOT NULL
) ENGINE=InnoDB DEFAULT CHARSET=utf8mb4 COLLATE=utf8mb4_unicode_ci;

--
-- Dumping data for table `model_has_roles`
--

INSERT INTO `model_has_roles` (`role_id`, `model_type`, `model_id`) VALUES
(1, 'App\\Models\\User', 1),
(5, 'App\\Models\\User', 3),
(8, 'App\\Models\\User', 4),
(12, 'App\\Models\\User', 7);

-- --------------------------------------------------------

--
-- Table structure for table `orders`
--

CREATE TABLE `orders` (
  `id` bigint UNSIGNED NOT NULL,
  `table_id` bigint UNSIGNED DEFAULT NULL,
  `user_id` bigint UNSIGNED NOT NULL,
  `status` enum('pending','preparing','ready','completed') CHARACTER SET utf8mb4 COLLATE utf8mb4_unicode_ci NOT NULL DEFAULT 'pending',
  `total` decimal(8,2) NOT NULL DEFAULT '0.00',
  `created_at` timestamp NULL DEFAULT NULL,
  `updated_at` timestamp NULL DEFAULT NULL
) ENGINE=InnoDB DEFAULT CHARSET=utf8mb4 COLLATE=utf8mb4_unicode_ci;

--
-- Dumping data for table `orders`
--

INSERT INTO `orders` (`id`, `table_id`, `user_id`, `status`, `total`, `created_at`, `updated_at`) VALUES
(73, NULL, 1, 'completed', 152.00, '2026-02-09 21:55:15', '2026-02-09 21:55:27'),
(74, NULL, 1, 'completed', 200.00, '2026-02-09 21:56:59', '2026-02-09 21:57:08'),
(75, NULL, 1, 'completed', 47.00, '2026-02-09 22:19:57', '2026-02-09 22:20:19'),
(76, NULL, 1, 'completed', 47.00, '2026-02-09 22:21:13', '2026-02-09 22:21:21'),
(78, NULL, 1, 'completed', 117.00, '2026-02-09 22:32:55', '2026-02-09 22:33:02'),
(79, NULL, 4, 'completed', 210.00, '2026-02-10 00:02:29', '2026-02-10 01:54:30'),
(84, 4, 1, 'completed', 40.00, '2026-02-10 02:09:10', '2026-02-10 16:09:13'),
(85, NULL, 1, 'completed', 70.00, '2026-02-10 15:59:16', '2026-02-10 16:09:11'),
(86, 6, 1, 'completed', 70.00, '2026-02-10 17:18:38', '2026-02-10 17:19:04'),
(87, NULL, 1, 'completed', 70.00, '2026-02-10 17:20:01', '2026-02-11 21:03:44'),
(88, NULL, 1, 'completed', 257.00, '2026-02-10 17:25:01', '2026-02-11 21:03:40'),
(89, NULL, 1, 'completed', 385.00, '2026-02-11 21:04:08', '2026-02-11 21:04:40'),
(90, NULL, 1, 'completed', 57.00, '2026-02-11 21:09:25', '2026-02-11 21:17:16'),
(91, NULL, 1, 'completed', 157.00, '2026-02-11 21:11:51', '2026-02-11 21:17:20'),
(92, NULL, 1, 'completed', 232.00, '2026-02-11 21:18:18', '2026-02-12 00:36:05'),
(93, NULL, 1, 'completed', 152.00, '2026-02-11 21:18:32', '2026-02-12 00:36:04'),
(94, NULL, 1, 'completed', 235.00, '2026-02-12 00:35:38', '2026-02-12 00:36:02'),
(95, NULL, 1, 'completed', 50.00, '2026-02-12 14:37:10', '2026-02-12 14:37:44'),
(96, NULL, 1, 'completed', 20.00, '2026-02-12 14:39:34', '2026-02-12 17:58:55'),
(97, 3, 1, 'completed', 70.00, '2026-02-12 17:59:07', '2026-02-12 17:59:15'),
(98, 7, 1, 'completed', 77.00, '2026-02-12 18:42:12', '2026-02-12 18:42:54'),
(99, 7, 1, 'completed', 162.00, '2026-02-12 22:09:11', '2026-02-12 22:09:38'),
(100, 7, 1, 'completed', 92.00, '2026-02-12 22:10:02', '2026-02-12 22:10:19'),
(101, 7, 1, 'completed', 50.00, '2026-02-12 23:34:06', '2026-02-12 23:34:22'),
(102, 7, 1, 'completed', 20.00, '2026-02-13 02:48:43', '2026-02-13 02:49:10'),
(103, 9, 1, 'completed', 152.00, '2026-02-13 02:50:29', '2026-02-13 02:50:41'),
(104, 7, 1, 'completed', 27.00, '2026-02-13 02:52:11', '2026-02-13 02:52:21'),
(105, NULL, 1, 'completed', 118.00, '2026-02-13 16:20:13', '2026-02-13 18:50:38'),
(106, NULL, 1, 'completed', 60.00, '2026-02-13 18:50:21', '2026-02-13 18:50:35'),
(107, NULL, 1, 'completed', 117.00, '2026-02-14 17:27:28', '2026-02-15 22:00:20'),
(112, NULL, 1, 'completed', 165.00, '2026-02-15 17:11:48', '2026-02-15 22:00:18'),
(114, 9, 1, 'completed', 325.00, '2026-02-15 17:14:24', '2026-02-15 22:00:17'),
(132, NULL, 1, 'completed', 420.00, '2026-02-15 22:04:33', '2026-02-16 01:22:51'),
(133, NULL, 1, 'completed', 40.00, '2026-02-15 22:07:43', '2026-02-16 01:22:46'),
(134, NULL, 1, 'completed', 105.00, '2026-02-15 22:08:35', '2026-02-16 01:22:48'),
(135, NULL, 1, 'completed', 200.00, '2026-02-15 22:10:48', '2026-02-16 01:22:49'),
(136, NULL, 1, 'completed', 20.00, '2026-02-15 22:10:54', '2026-02-16 01:22:43'),
(137, NULL, 1, 'completed', 28.00, '2026-02-15 22:11:23', '2026-02-16 01:22:42'),
(138, NULL, 1, 'completed', 162.00, '2026-02-15 22:14:22', '2026-02-16 01:22:34'),
(139, NULL, 1, 'completed', 97.00, '2026-02-15 22:16:25', '2026-02-16 01:22:35'),
(140, NULL, 1, 'completed', 20.00, '2026-02-15 22:16:30', '2026-02-16 01:22:39'),
(141, NULL, 1, 'completed', 210.00, '2026-02-15 22:19:07', '2026-02-16 01:22:31'),
(142, NULL, 1, 'completed', 290.00, '2026-02-15 22:22:51', '2026-02-16 01:22:29'),
(143, NULL, 1, 'completed', 460.00, '2026-02-15 22:31:56', '2026-02-16 01:22:27'),
(144, NULL, 1, 'completed', 27.00, '2026-02-15 22:32:05', '2026-02-16 01:22:20'),
(145, NULL, 1, 'completed', 230.00, '2026-02-15 22:36:52', '2026-02-16 01:22:22'),
(146, NULL, 1, 'completed', 20.00, '2026-02-15 22:36:59', '2026-02-16 01:22:15'),
(147, 3, 1, 'completed', 100.00, '2026-02-15 22:37:36', '2026-02-16 01:22:24'),
(148, NULL, 1, 'completed', 442.00, '2026-02-15 23:30:45', '2026-02-16 01:22:14'),
(149, NULL, 1, 'completed', 1042.00, '2026-02-15 23:36:54', '2026-02-16 01:22:12'),
(150, NULL, 1, 'completed', 35.00, '2026-02-16 06:50:19', '2026-02-16 17:54:41'),
(151, NULL, 1, 'completed', 355.00, '2026-02-16 07:07:44', '2026-02-16 17:54:44'),
(152, NULL, 1, 'completed', 200.00, '2026-02-16 07:14:32', '2026-02-16 17:54:38'),
(153, NULL, 1, 'completed', 410.00, '2026-02-16 07:24:32', '2026-02-16 17:54:37'),
(154, NULL, 1, 'completed', 75.00, '2026-02-16 17:58:48', '2026-02-16 21:44:07'),
(155, NULL, 1, 'completed', 200.00, '2026-02-16 19:19:23', '2026-02-16 21:44:04'),
(156, NULL, 4, 'completed', 365.00, '2026-02-16 19:31:41', '2026-02-16 21:44:01'),
(157, NULL, 1, 'completed', 30.00, '2026-02-16 23:01:04', '2026-02-17 01:09:49'),
(158, NULL, 1, 'completed', 20.00, '2026-02-16 23:01:17', '2026-02-17 01:09:47'),
(159, NULL, 1, 'completed', 707.00, '2026-02-16 23:03:11', '2026-02-17 01:09:52'),
(160, NULL, 1, 'completed', 67.00, '2026-02-16 23:06:52', '2026-02-17 01:09:58'),
(161, NULL, 1, 'completed', 539.00, '2026-02-16 23:13:42', '2026-02-17 01:09:56'),
(162, NULL, 1, 'completed', 25.00, '2026-02-16 23:13:56', '2026-02-17 01:10:06'),
(163, NULL, 1, 'completed', 77.00, '2026-02-16 23:16:16', '2026-02-17 01:10:01'),
(164, NULL, 1, 'completed', 100.00, '2026-02-16 23:16:34', '2026-02-17 01:09:37'),
(165, NULL, 1, 'completed', 315.00, '2026-02-16 23:16:56', '2026-02-17 01:10:02'),
(166, NULL, 1, 'completed', 100.00, '2026-02-16 23:18:42', '2026-02-17 01:09:31'),
(167, NULL, 1, 'completed', 60.00, '2026-02-16 23:18:50', '2026-02-17 01:09:34'),
(168, NULL, 1, 'completed', 27.00, '2026-02-16 23:19:06', '2026-02-17 01:09:36'),
(169, NULL, 1, 'completed', 20.00, '2026-02-16 23:19:14', '2026-02-17 01:09:27'),
(170, NULL, 1, 'completed', 205.00, '2026-02-16 23:25:30', '2026-02-17 01:10:09'),
(171, NULL, 1, 'completed', 15.00, '2026-02-16 23:25:33', '2026-02-17 01:09:26'),
(172, NULL, 1, 'completed', 75.00, '2026-02-16 23:27:08', '2026-02-17 01:10:07'),
(173, NULL, 1, 'completed', 40.00, '2026-02-16 23:27:20', '2026-02-17 01:10:11'),
(174, NULL, 1, 'completed', 10.00, '2026-02-16 23:29:59', '2026-02-17 01:09:22'),
(175, NULL, 1, 'completed', 215.00, '2026-02-16 23:30:22', '2026-02-17 01:09:24'),
(176, NULL, 1, 'completed', 150.00, '2026-02-16 23:30:30', '2026-02-17 01:09:20'),
(177, NULL, 1, 'completed', 135.00, '2026-02-16 23:30:55', '2026-02-17 01:09:18'),
(178, NULL, 1, 'completed', 190.00, '2026-02-16 23:35:36', '2026-02-17 01:10:20'),
(179, 3, 1, 'completed', 40.00, '2026-02-16 23:36:20', '2026-02-17 01:10:15'),
(180, NULL, 1, 'completed', 65.00, '2026-02-16 23:39:28', '2026-02-17 01:10:16'),
(181, NULL, 1, 'completed', 10.00, '2026-02-16 23:39:45', '2026-02-17 01:10:27'),
(182, NULL, 1, 'completed', 190.00, '2026-02-16 23:40:25', '2026-02-17 01:10:30'),
(183, NULL, 1, 'completed', 190.00, '2026-02-16 23:42:37', '2026-02-17 01:10:31'),
(184, NULL, 1, 'completed', 65.00, '2026-02-16 23:42:45', '2026-02-17 01:10:22'),
(185, NULL, 1, 'completed', 15.00, '2026-02-16 23:43:09', '2026-02-17 01:10:24'),
(186, NULL, 1, 'completed', 15.00, '2026-02-16 23:45:00', '2026-02-17 01:10:25'),
(187, NULL, 1, 'completed', 400.00, '2026-02-16 23:45:52', '2026-02-17 01:09:12'),
(188, NULL, 1, 'completed', 1107.00, '2026-02-16 23:49:09', '2026-02-17 01:09:15'),
(189, NULL, 1, 'completed', 315.00, '2026-02-16 23:53:10', '2026-02-17 01:09:07'),
(190, NULL, 1, 'completed', 195.00, '2026-02-16 23:53:26', '2026-02-17 01:09:11'),
(191, NULL, 1, 'completed', 90.00, '2026-02-16 23:54:10', '2026-02-17 01:09:04'),
(192, NULL, 1, 'completed', 230.00, '2026-02-16 23:54:23', '2026-02-17 01:09:02'),
(193, NULL, 1, 'completed', 10.00, '2026-02-16 23:54:47', '2026-02-17 01:09:09'),
(194, NULL, 1, 'completed', 125.00, '2026-02-16 23:55:38', '2026-02-17 01:08:57'),
(195, NULL, 1, 'completed', 215.00, '2026-02-17 00:01:19', '2026-02-17 01:08:59'),
(196, NULL, 1, 'completed', 325.00, '2026-02-17 00:01:38', '2026-02-17 01:08:54'),
(197, NULL, 1, 'completed', 320.00, '2026-02-17 00:03:13', '2026-02-17 01:08:56'),
(198, 3, 1, 'completed', 40.00, '2026-02-17 00:05:42', '2026-02-17 01:08:51'),
(199, NULL, 1, 'completed', 352.00, '2026-02-17 03:04:20', '2026-02-17 03:04:47'),
(200, NULL, 1, 'completed', 70.00, '2026-02-17 03:05:21', '2026-02-17 03:05:29'),
(201, NULL, 1, 'completed', 163.00, '2026-02-17 03:06:23', '2026-02-17 03:06:31'),
(209, 4, 1, 'completed', 40.00, '2026-02-17 19:53:02', '2026-02-17 21:03:56'),
(212, NULL, 1, 'completed', 875.00, '2026-02-17 19:59:52', '2026-02-17 21:03:48'),
(213, NULL, 1, 'completed', 315.00, '2026-02-17 21:03:24', '2026-02-17 21:03:33'),
(232, NULL, 4, 'completed', 45.00, '2026-02-20 13:57:48', '2026-02-20 13:59:06'),
(233, NULL, 4, 'completed', 225.00, '2026-02-20 13:58:31', '2026-02-20 13:58:46'),
(234, 10, 4, 'completed', 40.00, '2026-02-20 13:59:33', '2026-02-20 13:59:48'),
(235, 11, 4, 'completed', 380.00, '2026-02-20 14:00:09', '2026-02-20 14:00:26'),
(236, NULL, 4, 'completed', 2450.00, '2026-02-20 14:02:38', '2026-02-20 14:12:02'),
(237, NULL, 4, 'completed', 265.00, '2026-02-20 14:15:02', '2026-02-20 14:15:19'),
(238, NULL, 4, 'completed', 172.00, '2026-02-20 14:15:32', '2026-02-20 14:15:48'),
(239, NULL, 4, 'completed', 20.00, '2026-02-20 14:15:55', '2026-02-20 14:16:16'),
(253, NULL, 1, 'completed', 850.00, '2026-03-02 16:51:18', '2026-03-02 16:59:01'),
(254, NULL, 1, 'completed', 70.00, '2026-03-02 16:58:49', '2026-03-02 16:58:56');

-- --------------------------------------------------------

--
-- Table structure for table `order_items`
--

CREATE TABLE `order_items` (
  `id` bigint UNSIGNED NOT NULL,
  `order_id` bigint UNSIGNED NOT NULL,
  `product_id` bigint UNSIGNED NOT NULL,
  `quantity` int NOT NULL DEFAULT '1',
  `price` decimal(8,2) NOT NULL,
  `created_at` timestamp NULL DEFAULT NULL,
  `updated_at` timestamp NULL DEFAULT NULL
) ENGINE=InnoDB DEFAULT CHARSET=utf8mb4 COLLATE=utf8mb4_unicode_ci;

--
-- Dumping data for table `order_items`
--

INSERT INTO `order_items` (`id`, `order_id`, `product_id`, `quantity`, `price`, `created_at`, `updated_at`) VALUES
(202, 73, 24, 1, 25.00, '2026-02-09 21:55:15', '2026-02-09 21:55:15'),
(203, 73, 21, 1, 20.00, '2026-02-09 21:55:15', '2026-02-09 21:55:15'),
(204, 73, 25, 1, 40.00, '2026-02-09 21:55:15', '2026-02-09 21:55:15'),
(205, 73, 26, 1, 27.00, '2026-02-09 21:55:15', '2026-02-09 21:55:15'),
(206, 73, 45, 1, 20.00, '2026-02-09 21:55:15', '2026-02-09 21:55:15'),
(207, 73, 46, 1, 20.00, '2026-02-09 21:55:15', '2026-02-09 21:55:15'),
(208, 74, 29, 1, 100.00, '2026-02-09 21:56:59', '2026-02-09 21:56:59'),
(209, 74, 34, 1, 10.00, '2026-02-09 21:56:59', '2026-02-09 21:56:59'),
(210, 74, 33, 1, 10.00, '2026-02-09 21:56:59', '2026-02-09 21:56:59'),
(211, 74, 37, 1, 20.00, '2026-02-09 21:56:59', '2026-02-09 21:56:59'),
(212, 74, 46, 3, 20.00, '2026-02-09 21:56:59', '2026-02-09 21:56:59'),
(214, 75, 26, 1, 27.00, '2026-02-09 22:19:57', '2026-02-09 22:19:57'),
(216, 76, 26, 1, 27.00, '2026-02-09 22:21:13', '2026-02-09 22:21:13'),
(221, 78, 28, 1, 35.00, '2026-02-09 22:32:55', '2026-02-09 22:32:55'),
(222, 78, 27, 1, 30.00, '2026-02-09 22:32:55', '2026-02-09 22:32:55'),
(223, 78, 24, 1, 25.00, '2026-02-09 22:32:55', '2026-02-09 22:32:55'),
(224, 78, 26, 1, 27.00, '2026-02-09 22:32:55', '2026-02-09 22:32:55'),
(225, 79, 29, 1, 100.00, '2026-02-10 00:02:29', '2026-02-10 00:02:29'),
(226, 79, 35, 1, 15.00, '2026-02-10 00:02:29', '2026-02-10 00:02:29'),
(227, 79, 36, 1, 5.00, '2026-02-10 00:02:29', '2026-02-10 00:02:29'),
(228, 79, 40, 1, 40.00, '2026-02-10 00:02:29', '2026-02-10 00:02:29'),
(229, 79, 44, 1, 30.00, '2026-02-10 00:02:29', '2026-02-10 00:02:29'),
(230, 79, 45, 1, 20.00, '2026-02-10 00:02:29', '2026-02-10 00:02:29'),
(249, 84, 21, 1, 20.00, '2026-02-10 02:09:10', '2026-02-10 02:09:10'),
(251, 85, 25, 1, 40.00, '2026-02-10 15:59:16', '2026-02-10 15:59:16'),
(252, 85, 23, 1, 30.00, '2026-02-10 15:59:16', '2026-02-10 15:59:16'),
(253, 86, 21, 1, 20.00, '2026-02-10 17:18:38', '2026-02-10 17:18:38'),
(255, 86, 23, 1, 30.00, '2026-02-10 17:18:38', '2026-02-10 17:18:38'),
(256, 87, 21, 1, 20.00, '2026-02-10 17:20:01', '2026-02-10 17:20:01'),
(258, 87, 23, 1, 30.00, '2026-02-10 17:20:01', '2026-02-10 17:20:01'),
(259, 88, 26, 1, 27.00, '2026-02-10 17:25:01', '2026-02-10 17:25:01'),
(260, 88, 28, 1, 35.00, '2026-02-10 17:25:01', '2026-02-10 17:25:01'),
(261, 88, 25, 1, 40.00, '2026-02-10 17:25:01', '2026-02-10 17:25:01'),
(262, 88, 24, 1, 25.00, '2026-02-10 17:25:01', '2026-02-10 17:25:01'),
(263, 88, 27, 1, 30.00, '2026-02-10 17:25:01', '2026-02-10 17:25:01'),
(264, 88, 29, 1, 100.00, '2026-02-10 17:25:01', '2026-02-10 17:25:01'),
(265, 89, 29, 1, 100.00, '2026-02-11 21:04:08', '2026-02-11 21:04:08'),
(266, 89, 28, 1, 35.00, '2026-02-11 21:04:08', '2026-02-11 21:04:08'),
(267, 89, 27, 1, 30.00, '2026-02-11 21:04:08', '2026-02-11 21:04:08'),
(268, 89, 24, 1, 25.00, '2026-02-11 21:04:08', '2026-02-11 21:04:08'),
(269, 89, 25, 1, 40.00, '2026-02-11 21:04:08', '2026-02-11 21:04:08'),
(270, 89, 26, 1, 27.00, '2026-02-11 21:04:08', '2026-02-11 21:04:08'),
(271, 89, 23, 1, 30.00, '2026-02-11 21:04:08', '2026-02-11 21:04:08'),
(273, 89, 21, 1, 20.00, '2026-02-11 21:04:08', '2026-02-11 21:04:08'),
(274, 89, 45, 1, 20.00, '2026-02-11 21:04:08', '2026-02-11 21:04:08'),
(275, 89, 46, 1, 20.00, '2026-02-11 21:04:08', '2026-02-11 21:04:08'),
(276, 89, 48, 1, 8.00, '2026-02-11 21:04:08', '2026-02-11 21:04:08'),
(277, 89, 51, 1, 10.00, '2026-02-11 21:04:08', '2026-02-11 21:04:08'),
(278, 90, 26, 1, 27.00, '2026-02-11 21:09:25', '2026-02-11 21:09:25'),
(279, 90, 23, 1, 30.00, '2026-02-11 21:09:25', '2026-02-11 21:09:25'),
(280, 91, 26, 1, 27.00, '2026-02-11 21:11:51', '2026-02-11 21:11:51'),
(281, 91, 23, 1, 30.00, '2026-02-11 21:11:51', '2026-02-11 21:11:51'),
(282, 91, 29, 1, 100.00, '2026-02-11 21:11:51', '2026-02-11 21:11:51'),
(283, 92, 26, 1, 27.00, '2026-02-11 21:18:18', '2026-02-11 21:18:18'),
(284, 92, 23, 1, 30.00, '2026-02-11 21:18:18', '2026-02-11 21:18:18'),
(285, 92, 25, 1, 40.00, '2026-02-11 21:18:18', '2026-02-11 21:18:18'),
(286, 92, 28, 1, 35.00, '2026-02-11 21:18:18', '2026-02-11 21:18:18'),
(287, 92, 29, 1, 100.00, '2026-02-11 21:18:18', '2026-02-11 21:18:18'),
(288, 93, 29, 1, 100.00, '2026-02-11 21:18:32', '2026-02-11 21:18:32'),
(289, 93, 26, 1, 27.00, '2026-02-11 21:18:32', '2026-02-11 21:18:32'),
(290, 93, 24, 1, 25.00, '2026-02-11 21:18:32', '2026-02-11 21:18:32'),
(291, 94, 29, 1, 100.00, '2026-02-12 00:35:38', '2026-02-12 00:35:38'),
(292, 94, 34, 1, 10.00, '2026-02-12 00:35:38', '2026-02-12 00:35:38'),
(293, 94, 33, 1, 10.00, '2026-02-12 00:35:38', '2026-02-12 00:35:38'),
(294, 94, 36, 1, 5.00, '2026-02-12 00:35:38', '2026-02-12 00:35:38'),
(295, 94, 37, 1, 20.00, '2026-02-12 00:35:38', '2026-02-12 00:35:38'),
(296, 94, 40, 1, 40.00, '2026-02-12 00:35:38', '2026-02-12 00:35:38'),
(297, 94, 44, 1, 30.00, '2026-02-12 00:35:38', '2026-02-12 00:35:38'),
(298, 94, 53, 1, 20.00, '2026-02-12 00:35:38', '2026-02-12 00:35:38'),
(300, 95, 23, 1, 30.00, '2026-02-12 14:37:10', '2026-02-12 14:37:10'),
(301, 96, 53, 1, 20.00, '2026-02-12 14:39:34', '2026-02-12 14:39:34'),
(302, 97, 21, 1, 20.00, '2026-02-12 17:59:07', '2026-02-12 17:59:07'),
(304, 97, 23, 1, 30.00, '2026-02-12 17:59:07', '2026-02-12 17:59:07'),
(305, 98, 23, 1, 30.00, '2026-02-12 18:42:12', '2026-02-12 18:42:12'),
(306, 98, 26, 1, 27.00, '2026-02-12 18:42:12', '2026-02-12 18:42:12'),
(307, 98, 45, 1, 20.00, '2026-02-12 18:42:12', '2026-02-12 18:42:12'),
(308, 99, 21, 1, 20.00, '2026-02-12 22:09:11', '2026-02-12 22:09:11'),
(310, 99, 23, 1, 30.00, '2026-02-12 22:09:11', '2026-02-12 22:09:11'),
(311, 99, 26, 1, 27.00, '2026-02-12 22:09:11', '2026-02-12 22:09:11'),
(312, 99, 25, 1, 40.00, '2026-02-12 22:09:11', '2026-02-12 22:09:11'),
(313, 99, 24, 1, 25.00, '2026-02-12 22:09:11', '2026-02-12 22:09:11'),
(314, 100, 26, 1, 27.00, '2026-02-12 22:10:02', '2026-02-12 22:10:02'),
(315, 100, 25, 1, 40.00, '2026-02-12 22:10:02', '2026-02-12 22:10:02'),
(316, 100, 24, 1, 25.00, '2026-02-12 22:10:02', '2026-02-12 22:10:02'),
(317, 101, 23, 1, 30.00, '2026-02-12 23:34:06', '2026-02-12 23:34:06'),
(320, 103, 23, 1, 30.00, '2026-02-13 02:50:29', '2026-02-13 02:50:29'),
(321, 103, 26, 1, 27.00, '2026-02-13 02:50:29', '2026-02-13 02:50:29'),
(322, 103, 25, 1, 40.00, '2026-02-13 02:50:29', '2026-02-13 02:50:29'),
(324, 103, 28, 1, 35.00, '2026-02-13 02:50:29', '2026-02-13 02:50:29'),
(325, 104, 26, 1, 27.00, '2026-02-13 02:52:11', '2026-02-13 02:52:11'),
(326, 105, 29, 1, 100.00, '2026-02-13 16:20:13', '2026-02-13 16:20:13'),
(327, 105, 51, 1, 10.00, '2026-02-13 16:20:13', '2026-02-13 16:20:13'),
(328, 105, 48, 1, 8.00, '2026-02-13 16:20:13', '2026-02-13 16:20:13'),
(329, 106, 21, 1, 20.00, '2026-02-13 18:50:21', '2026-02-13 18:50:21'),
(331, 106, 46, 1, 20.00, '2026-02-13 18:50:21', '2026-02-13 18:50:21'),
(335, 107, 26, 1, 27.00, '2026-02-14 17:27:28', '2026-02-14 17:27:28'),
(336, 107, 23, 1, 30.00, '2026-02-14 17:27:28', '2026-02-14 17:27:28'),
(338, 107, 25, 1, 40.00, '2026-02-14 17:27:28', '2026-02-14 17:27:28'),
(351, 112, 28, 3, 35.00, '2026-02-15 17:11:48', '2026-02-15 17:11:48'),
(352, 112, 53, 3, 20.00, '2026-02-15 17:11:48', '2026-02-15 17:11:48'),
(355, 114, 24, 1, 25.00, '2026-02-15 17:14:24', '2026-02-15 17:14:24'),
(356, 114, 23, 1, 30.00, '2026-02-15 17:14:24', '2026-02-15 17:14:24'),
(358, 114, 30, 1, 150.00, '2026-02-15 17:14:24', '2026-02-15 17:14:24'),
(359, 114, 29, 1, 100.00, '2026-02-15 17:14:24', '2026-02-15 17:14:24'),
(430, 132, 37, 1, 20.00, '2026-02-15 22:04:33', '2026-02-15 22:04:33'),
(431, 132, 38, 1, 200.00, '2026-02-15 22:04:33', '2026-02-15 22:04:33'),
(432, 133, 21, 1, 20.00, '2026-02-15 22:07:43', '2026-02-15 22:07:43'),
(434, 134, 36, 1, 5.00, '2026-02-15 22:08:35', '2026-02-15 22:08:35'),
(435, 134, 43, 1, 70.00, '2026-02-15 22:08:35', '2026-02-15 22:08:35'),
(436, 134, 44, 1, 30.00, '2026-02-15 22:08:35', '2026-02-15 22:08:35'),
(438, 136, 37, 1, 20.00, '2026-02-15 22:10:54', '2026-02-15 22:10:54'),
(439, 137, 53, 1, 20.00, '2026-02-15 22:11:23', '2026-02-15 22:11:23'),
(440, 137, 48, 1, 8.00, '2026-02-15 22:11:23', '2026-02-15 22:11:23'),
(441, 138, 26, 1, 27.00, '2026-02-15 22:14:22', '2026-02-15 22:14:22'),
(442, 138, 25, 1, 40.00, '2026-02-15 22:14:22', '2026-02-15 22:14:22'),
(443, 138, 24, 1, 25.00, '2026-02-15 22:14:22', '2026-02-15 22:14:22'),
(444, 138, 23, 1, 30.00, '2026-02-15 22:14:22', '2026-02-15 22:14:22'),
(446, 138, 21, 1, 20.00, '2026-02-15 22:14:22', '2026-02-15 22:14:22'),
(447, 139, 26, 1, 27.00, '2026-02-15 22:16:25', '2026-02-15 22:16:25'),
(448, 139, 25, 1, 40.00, '2026-02-15 22:16:25', '2026-02-15 22:16:25'),
(449, 139, 23, 1, 30.00, '2026-02-15 22:16:25', '2026-02-15 22:16:25'),
(450, 140, 21, 1, 20.00, '2026-02-15 22:16:30', '2026-02-15 22:16:30'),
(451, 141, 24, 1, 25.00, '2026-02-15 22:19:07', '2026-02-15 22:19:07'),
(452, 141, 23, 1, 30.00, '2026-02-15 22:19:07', '2026-02-15 22:19:07'),
(454, 141, 28, 1, 35.00, '2026-02-15 22:19:07', '2026-02-15 22:19:07'),
(455, 141, 29, 1, 100.00, '2026-02-15 22:19:07', '2026-02-15 22:19:07'),
(456, 142, 25, 1, 40.00, '2026-02-15 22:22:51', '2026-02-15 22:22:51'),
(457, 142, 24, 1, 25.00, '2026-02-15 22:22:51', '2026-02-15 22:22:51'),
(458, 142, 36, 1, 5.00, '2026-02-15 22:22:51', '2026-02-15 22:22:51'),
(459, 142, 38, 1, 200.00, '2026-02-15 22:22:51', '2026-02-15 22:22:51'),
(460, 142, 37, 1, 20.00, '2026-02-15 22:22:51', '2026-02-15 22:22:51'),
(461, 143, 38, 1, 200.00, '2026-02-15 22:31:56', '2026-02-15 22:31:56'),
(462, 143, 32, 1, 60.00, '2026-02-15 22:31:56', '2026-02-15 22:31:56'),
(464, 144, 26, 1, 27.00, '2026-02-15 22:32:05', '2026-02-15 22:32:05'),
(465, 145, 38, 1, 200.00, '2026-02-15 22:36:52', '2026-02-15 22:36:52'),
(466, 145, 36, 1, 5.00, '2026-02-15 22:36:52', '2026-02-15 22:36:52'),
(467, 145, 35, 1, 15.00, '2026-02-15 22:36:52', '2026-02-15 22:36:52'),
(468, 145, 34, 1, 10.00, '2026-02-15 22:36:52', '2026-02-15 22:36:52'),
(469, 146, 45, 1, 20.00, '2026-02-15 22:36:59', '2026-02-15 22:36:59'),
(470, 147, 44, 1, 30.00, '2026-02-15 22:37:36', '2026-02-15 22:37:36'),
(471, 147, 43, 1, 70.00, '2026-02-15 22:37:36', '2026-02-15 22:37:36'),
(472, 148, 25, 1, 40.00, '2026-02-15 23:30:45', '2026-02-15 23:30:45'),
(473, 148, 24, 1, 25.00, '2026-02-15 23:30:45', '2026-02-15 23:30:45'),
(474, 148, 30, 1, 150.00, '2026-02-15 23:30:45', '2026-02-15 23:30:45'),
(476, 148, 26, 1, 27.00, '2026-02-15 23:30:45', '2026-02-15 23:30:45'),
(477, 149, 26, 1, 27.00, '2026-02-15 23:36:54', '2026-02-15 23:36:54'),
(478, 149, 25, 1, 40.00, '2026-02-15 23:36:54', '2026-02-15 23:36:54'),
(480, 149, 30, 1, 150.00, '2026-02-15 23:36:54', '2026-02-15 23:36:54'),
(481, 149, 36, 2, 5.00, '2026-02-15 23:36:54', '2026-02-15 23:36:54'),
(482, 149, 34, 1, 10.00, '2026-02-15 23:36:54', '2026-02-15 23:36:54'),
(483, 149, 33, 1, 10.00, '2026-02-15 23:36:54', '2026-02-15 23:36:54'),
(484, 149, 35, 1, 15.00, '2026-02-15 23:36:54', '2026-02-15 23:36:54'),
(485, 149, 37, 1, 20.00, '2026-02-15 23:36:54', '2026-02-15 23:36:54'),
(486, 149, 32, 1, 60.00, '2026-02-15 23:36:54', '2026-02-15 23:36:54'),
(487, 149, 38, 1, 200.00, '2026-02-15 23:36:54', '2026-02-15 23:36:54'),
(488, 149, 40, 1, 40.00, '2026-02-15 23:36:54', '2026-02-15 23:36:54'),
(489, 149, 41, 1, 60.00, '2026-02-15 23:36:54', '2026-02-15 23:36:54'),
(490, 150, 28, 1, 35.00, '2026-02-16 06:50:19', '2026-02-16 06:50:19'),
(491, 151, 32, 1, 60.00, '2026-02-16 07:07:44', '2026-02-16 07:07:44'),
(492, 151, 35, 1, 15.00, '2026-02-16 07:07:44', '2026-02-16 07:07:44'),
(493, 151, 41, 1, 60.00, '2026-02-16 07:07:44', '2026-02-16 07:07:44'),
(494, 151, 42, 1, 50.00, '2026-02-16 07:07:44', '2026-02-16 07:07:44'),
(495, 151, 43, 1, 70.00, '2026-02-16 07:07:44', '2026-02-16 07:07:44'),
(496, 151, 44, 1, 30.00, '2026-02-16 07:07:44', '2026-02-16 07:07:44'),
(498, 151, 53, 1, 20.00, '2026-02-16 07:07:44', '2026-02-16 07:07:44'),
(499, 151, 47, 1, 25.00, '2026-02-16 07:07:44', '2026-02-16 07:07:44'),
(501, 152, 53, 1, 20.00, '2026-02-16 07:14:32', '2026-02-16 07:14:32'),
(503, 152, 21, 1, 20.00, '2026-02-16 07:14:32', '2026-02-16 07:14:32'),
(504, 152, 27, 1, 30.00, '2026-02-16 07:14:32', '2026-02-16 07:14:32'),
(505, 152, 28, 1, 35.00, '2026-02-16 07:14:32', '2026-02-16 07:14:32'),
(507, 152, 23, 1, 30.00, '2026-02-16 07:14:32', '2026-02-16 07:14:32'),
(508, 153, 21, 1, 20.00, '2026-02-16 07:24:32', '2026-02-16 07:24:32'),
(510, 153, 23, 1, 30.00, '2026-02-16 07:24:32', '2026-02-16 07:24:32'),
(512, 153, 32, 1, 60.00, '2026-02-16 07:24:32', '2026-02-16 07:24:32'),
(513, 153, 53, 1, 20.00, '2026-02-16 07:24:32', '2026-02-16 07:24:32'),
(514, 153, 46, 2, 20.00, '2026-02-16 07:24:32', '2026-02-16 07:24:32'),
(515, 153, 49, 1, 20.00, '2026-02-16 07:24:32', '2026-02-16 07:24:32'),
(516, 154, 23, 1, 30.00, '2026-02-16 17:58:48', '2026-02-16 17:58:48'),
(517, 154, 21, 1, 20.00, '2026-02-16 17:58:48', '2026-02-16 17:58:48'),
(518, 154, 50, 1, 25.00, '2026-02-16 17:58:48', '2026-02-16 17:58:48'),
(519, 155, 38, 1, 200.00, '2026-02-16 19:19:23', '2026-02-16 19:19:23'),
(520, 156, 29, 1, 100.00, '2026-02-16 19:31:41', '2026-02-16 19:31:41'),
(521, 156, 40, 2, 40.00, '2026-02-16 19:31:41', '2026-02-16 19:31:41'),
(522, 156, 44, 2, 30.00, '2026-02-16 19:31:41', '2026-02-16 19:31:41'),
(523, 156, 34, 2, 10.00, '2026-02-16 19:31:41', '2026-02-16 19:31:41'),
(524, 156, 37, 2, 20.00, '2026-02-16 19:31:41', '2026-02-16 19:31:41'),
(525, 156, 39, 1, 40.00, '2026-02-16 19:31:41', '2026-02-16 19:31:41'),
(526, 156, 24, 1, 25.00, '2026-02-16 19:31:41', '2026-02-16 19:31:41'),
(527, 157, 23, 1, 30.00, '2026-02-16 23:01:04', '2026-02-16 23:01:04'),
(528, 158, 37, 1, 20.00, '2026-02-16 23:01:17', '2026-02-16 23:01:17'),
(529, 159, 26, 2, 27.00, '2026-02-16 23:03:11', '2026-02-16 23:03:11'),
(530, 159, 25, 1, 40.00, '2026-02-16 23:03:11', '2026-02-16 23:03:11'),
(531, 159, 24, 1, 25.00, '2026-02-16 23:03:11', '2026-02-16 23:03:11'),
(532, 159, 29, 1, 100.00, '2026-02-16 23:03:11', '2026-02-16 23:03:11'),
(533, 159, 34, 1, 10.00, '2026-02-16 23:03:11', '2026-02-16 23:03:11'),
(534, 159, 35, 2, 15.00, '2026-02-16 23:03:11', '2026-02-16 23:03:11'),
(535, 159, 36, 1, 5.00, '2026-02-16 23:03:11', '2026-02-16 23:03:11'),
(536, 159, 41, 1, 60.00, '2026-02-16 23:03:11', '2026-02-16 23:03:11'),
(537, 159, 46, 1, 20.00, '2026-02-16 23:03:11', '2026-02-16 23:03:11'),
(538, 159, 47, 1, 25.00, '2026-02-16 23:03:11', '2026-02-16 23:03:11'),
(539, 159, 48, 1, 8.00, '2026-02-16 23:03:11', '2026-02-16 23:03:11'),
(540, 159, 43, 1, 70.00, '2026-02-16 23:03:11', '2026-02-16 23:03:11'),
(541, 159, 49, 1, 20.00, '2026-02-16 23:03:11', '2026-02-16 23:03:11'),
(542, 159, 37, 1, 20.00, '2026-02-16 23:03:11', '2026-02-16 23:03:11'),
(543, 159, 38, 1, 200.00, '2026-02-16 23:03:11', '2026-02-16 23:03:11'),
(544, 159, 21, 1, 20.00, '2026-02-16 23:03:11', '2026-02-16 23:03:11'),
(545, 160, 26, 1, 27.00, '2026-02-16 23:06:52', '2026-02-16 23:06:52'),
(546, 160, 25, 1, 40.00, '2026-02-16 23:06:52', '2026-02-16 23:06:52'),
(547, 161, 21, 5, 20.00, '2026-02-16 23:13:42', '2026-02-16 23:13:42'),
(549, 161, 23, 4, 30.00, '2026-02-16 23:13:42', '2026-02-16 23:13:42'),
(550, 161, 24, 2, 25.00, '2026-02-16 23:13:42', '2026-02-16 23:13:42'),
(551, 161, 28, 3, 35.00, '2026-02-16 23:13:42', '2026-02-16 23:13:42'),
(552, 161, 27, 1, 30.00, '2026-02-16 23:13:42', '2026-02-16 23:13:42'),
(553, 161, 26, 2, 27.00, '2026-02-16 23:13:42', '2026-02-16 23:13:42'),
(554, 161, 25, 1, 40.00, '2026-02-16 23:13:42', '2026-02-16 23:13:42'),
(555, 162, 24, 1, 25.00, '2026-02-16 23:13:56', '2026-02-16 23:13:56'),
(556, 163, 21, 1, 20.00, '2026-02-16 23:16:16', '2026-02-16 23:16:16'),
(557, 163, 26, 1, 27.00, '2026-02-16 23:16:16', '2026-02-16 23:16:16'),
(558, 163, 23, 1, 30.00, '2026-02-16 23:16:16', '2026-02-16 23:16:16'),
(559, 164, 29, 1, 100.00, '2026-02-16 23:16:34', '2026-02-16 23:16:34'),
(560, 165, 25, 1, 40.00, '2026-02-16 23:16:56', '2026-02-16 23:16:56'),
(561, 165, 24, 1, 25.00, '2026-02-16 23:16:56', '2026-02-16 23:16:56'),
(562, 165, 29, 1, 100.00, '2026-02-16 23:16:56', '2026-02-16 23:16:56'),
(563, 165, 30, 1, 150.00, '2026-02-16 23:16:56', '2026-02-16 23:16:56'),
(565, 166, 21, 1, 20.00, '2026-02-16 23:18:42', '2026-02-16 23:18:42'),
(566, 166, 28, 1, 35.00, '2026-02-16 23:18:42', '2026-02-16 23:18:42'),
(567, 166, 24, 1, 25.00, '2026-02-16 23:18:42', '2026-02-16 23:18:42'),
(568, 167, 28, 1, 35.00, '2026-02-16 23:18:50', '2026-02-16 23:18:50'),
(569, 167, 24, 1, 25.00, '2026-02-16 23:18:50', '2026-02-16 23:18:50'),
(570, 168, 26, 1, 27.00, '2026-02-16 23:19:06', '2026-02-16 23:19:06'),
(571, 169, 46, 1, 20.00, '2026-02-16 23:19:14', '2026-02-16 23:19:14'),
(572, 170, 30, 1, 150.00, '2026-02-16 23:25:30', '2026-02-16 23:25:30'),
(573, 170, 25, 1, 40.00, '2026-02-16 23:25:30', '2026-02-16 23:25:30'),
(574, 170, 35, 1, 15.00, '2026-02-16 23:25:30', '2026-02-16 23:25:30'),
(575, 171, 35, 1, 15.00, '2026-02-16 23:25:33', '2026-02-16 23:25:33'),
(576, 172, 24, 1, 25.00, '2026-02-16 23:27:08', '2026-02-16 23:27:08'),
(577, 172, 23, 1, 30.00, '2026-02-16 23:27:08', '2026-02-16 23:27:08'),
(579, 173, 25, 1, 40.00, '2026-02-16 23:27:20', '2026-02-16 23:27:20'),
(580, 174, 34, 1, 10.00, '2026-02-16 23:29:59', '2026-02-16 23:29:59'),
(581, 175, 25, 1, 40.00, '2026-02-16 23:30:22', '2026-02-16 23:30:22'),
(582, 175, 24, 1, 25.00, '2026-02-16 23:30:22', '2026-02-16 23:30:22'),
(583, 175, 30, 1, 150.00, '2026-02-16 23:30:22', '2026-02-16 23:30:22'),
(584, 176, 30, 1, 150.00, '2026-02-16 23:30:30', '2026-02-16 23:30:30'),
(585, 177, 25, 1, 40.00, '2026-02-16 23:30:55', '2026-02-16 23:30:55'),
(586, 177, 24, 1, 25.00, '2026-02-16 23:30:55', '2026-02-16 23:30:55'),
(587, 177, 23, 1, 30.00, '2026-02-16 23:30:55', '2026-02-16 23:30:55'),
(589, 177, 21, 1, 20.00, '2026-02-16 23:30:55', '2026-02-16 23:30:55'),
(590, 178, 25, 1, 40.00, '2026-02-16 23:35:36', '2026-02-16 23:35:36'),
(591, 178, 30, 1, 150.00, '2026-02-16 23:35:36', '2026-02-16 23:35:36'),
(592, 179, 25, 1, 40.00, '2026-02-16 23:36:20', '2026-02-16 23:36:20'),
(593, 180, 25, 1, 40.00, '2026-02-16 23:39:28', '2026-02-16 23:39:28'),
(594, 180, 24, 1, 25.00, '2026-02-16 23:39:28', '2026-02-16 23:39:28'),
(595, 181, 51, 1, 10.00, '2026-02-16 23:39:45', '2026-02-16 23:39:45'),
(596, 182, 30, 1, 150.00, '2026-02-16 23:40:25', '2026-02-16 23:40:25'),
(597, 182, 25, 1, 40.00, '2026-02-16 23:40:25', '2026-02-16 23:40:25'),
(598, 183, 25, 1, 40.00, '2026-02-16 23:42:37', '2026-02-16 23:42:37'),
(599, 183, 30, 1, 150.00, '2026-02-16 23:42:37', '2026-02-16 23:42:37'),
(600, 184, 34, 1, 10.00, '2026-02-16 23:42:45', '2026-02-16 23:42:45'),
(601, 184, 35, 1, 15.00, '2026-02-16 23:42:45', '2026-02-16 23:42:45'),
(602, 184, 40, 1, 40.00, '2026-02-16 23:42:45', '2026-02-16 23:42:45'),
(603, 185, 35, 1, 15.00, '2026-02-16 23:43:09', '2026-02-16 23:43:09'),
(604, 186, 35, 1, 15.00, '2026-02-16 23:45:00', '2026-02-16 23:45:00'),
(605, 187, 25, 1, 40.00, '2026-02-16 23:45:52', '2026-02-16 23:45:52'),
(606, 187, 30, 1, 150.00, '2026-02-16 23:45:52', '2026-02-16 23:45:52'),
(607, 187, 29, 1, 100.00, '2026-02-16 23:45:52', '2026-02-16 23:45:52'),
(608, 187, 24, 1, 25.00, '2026-02-16 23:45:52', '2026-02-16 23:45:52'),
(609, 187, 34, 1, 10.00, '2026-02-16 23:45:52', '2026-02-16 23:45:52'),
(610, 187, 33, 1, 10.00, '2026-02-16 23:45:52', '2026-02-16 23:45:52'),
(611, 187, 28, 1, 35.00, '2026-02-16 23:45:52', '2026-02-16 23:45:52'),
(612, 187, 27, 1, 30.00, '2026-02-16 23:45:52', '2026-02-16 23:45:52'),
(613, 188, 30, 1, 150.00, '2026-02-16 23:49:09', '2026-02-16 23:49:09'),
(614, 188, 25, 1, 40.00, '2026-02-16 23:49:09', '2026-02-16 23:49:09'),
(615, 188, 35, 1, 15.00, '2026-02-16 23:49:09', '2026-02-16 23:49:09'),
(616, 188, 34, 1, 10.00, '2026-02-16 23:49:09', '2026-02-16 23:49:09'),
(617, 188, 29, 1, 100.00, '2026-02-16 23:49:09', '2026-02-16 23:49:09'),
(618, 188, 24, 1, 25.00, '2026-02-16 23:49:09', '2026-02-16 23:49:09'),
(619, 188, 28, 1, 35.00, '2026-02-16 23:49:09', '2026-02-16 23:49:09'),
(620, 188, 33, 1, 10.00, '2026-02-16 23:49:09', '2026-02-16 23:49:09'),
(621, 188, 32, 2, 60.00, '2026-02-16 23:49:09', '2026-02-16 23:49:09'),
(623, 188, 27, 1, 30.00, '2026-02-16 23:49:09', '2026-02-16 23:49:09'),
(624, 188, 26, 1, 27.00, '2026-02-16 23:49:09', '2026-02-16 23:49:09'),
(625, 188, 21, 1, 20.00, '2026-02-16 23:49:09', '2026-02-16 23:49:09'),
(627, 188, 37, 1, 20.00, '2026-02-16 23:49:09', '2026-02-16 23:49:09'),
(628, 188, 36, 1, 5.00, '2026-02-16 23:49:09', '2026-02-16 23:49:09'),
(629, 188, 38, 1, 200.00, '2026-02-16 23:49:09', '2026-02-16 23:49:09'),
(630, 188, 39, 1, 40.00, '2026-02-16 23:49:09', '2026-02-16 23:49:09'),
(631, 188, 40, 1, 40.00, '2026-02-16 23:49:09', '2026-02-16 23:49:09'),
(632, 189, 25, 1, 40.00, '2026-02-16 23:53:10', '2026-02-16 23:53:10'),
(633, 189, 24, 1, 25.00, '2026-02-16 23:53:10', '2026-02-16 23:53:10'),
(634, 189, 29, 1, 100.00, '2026-02-16 23:53:10', '2026-02-16 23:53:10'),
(635, 189, 30, 1, 150.00, '2026-02-16 23:53:10', '2026-02-16 23:53:10'),
(636, 190, 34, 1, 10.00, '2026-02-16 23:53:26', '2026-02-16 23:53:26'),
(637, 190, 29, 1, 100.00, '2026-02-16 23:53:26', '2026-02-16 23:53:26'),
(638, 190, 28, 1, 35.00, '2026-02-16 23:53:26', '2026-02-16 23:53:26'),
(640, 190, 23, 1, 30.00, '2026-02-16 23:53:26', '2026-02-16 23:53:26'),
(641, 191, 24, 1, 25.00, '2026-02-16 23:54:10', '2026-02-16 23:54:10'),
(642, 191, 25, 1, 40.00, '2026-02-16 23:54:10', '2026-02-16 23:54:10'),
(643, 191, 50, 1, 25.00, '2026-02-16 23:54:10', '2026-02-16 23:54:10'),
(644, 192, 24, 1, 25.00, '2026-02-16 23:54:23', '2026-02-16 23:54:23'),
(645, 192, 25, 1, 40.00, '2026-02-16 23:54:23', '2026-02-16 23:54:23'),
(646, 192, 30, 1, 150.00, '2026-02-16 23:54:23', '2026-02-16 23:54:23'),
(647, 192, 35, 1, 15.00, '2026-02-16 23:54:23', '2026-02-16 23:54:23'),
(648, 193, 51, 1, 10.00, '2026-02-16 23:54:47', '2026-02-16 23:54:47'),
(649, 194, 25, 1, 40.00, '2026-02-16 23:55:38', '2026-02-16 23:55:38'),
(650, 194, 24, 1, 25.00, '2026-02-16 23:55:38', '2026-02-16 23:55:38'),
(651, 194, 23, 2, 30.00, '2026-02-16 23:55:38', '2026-02-16 23:55:38'),
(652, 195, 24, 1, 25.00, '2026-02-17 00:01:19', '2026-02-17 00:01:19'),
(653, 195, 25, 1, 40.00, '2026-02-17 00:01:19', '2026-02-17 00:01:19'),
(654, 195, 30, 1, 150.00, '2026-02-17 00:01:19', '2026-02-17 00:01:19'),
(655, 196, 29, 1, 100.00, '2026-02-17 00:01:38', '2026-02-17 00:01:38'),
(656, 196, 24, 1, 25.00, '2026-02-17 00:01:38', '2026-02-17 00:01:38'),
(657, 196, 28, 2, 35.00, '2026-02-17 00:01:38', '2026-02-17 00:01:38'),
(658, 196, 33, 1, 10.00, '2026-02-17 00:01:38', '2026-02-17 00:01:38'),
(659, 196, 32, 1, 60.00, '2026-02-17 00:01:38', '2026-02-17 00:01:38'),
(660, 196, 27, 1, 30.00, '2026-02-17 00:01:38', '2026-02-17 00:01:38'),
(662, 196, 34, 1, 10.00, '2026-02-17 00:01:38', '2026-02-17 00:01:38'),
(663, 197, 35, 1, 15.00, '2026-02-17 00:03:13', '2026-02-17 00:03:13'),
(664, 197, 30, 1, 150.00, '2026-02-17 00:03:13', '2026-02-17 00:03:13'),
(665, 197, 29, 1, 100.00, '2026-02-17 00:03:13', '2026-02-17 00:03:13'),
(666, 197, 34, 1, 10.00, '2026-02-17 00:03:13', '2026-02-17 00:03:13'),
(667, 197, 33, 1, 10.00, '2026-02-17 00:03:13', '2026-02-17 00:03:13'),
(668, 197, 28, 1, 35.00, '2026-02-17 00:03:13', '2026-02-17 00:03:13'),
(669, 198, 25, 1, 40.00, '2026-02-17 00:05:42', '2026-02-17 00:05:42'),
(670, 199, 25, 1, 40.00, '2026-02-17 03:04:20', '2026-02-17 03:04:20'),
(671, 199, 24, 1, 25.00, '2026-02-17 03:04:20', '2026-02-17 03:04:20'),
(672, 199, 23, 1, 30.00, '2026-02-17 03:04:20', '2026-02-17 03:04:20'),
(674, 199, 21, 1, 20.00, '2026-02-17 03:04:20', '2026-02-17 03:04:20'),
(675, 199, 26, 1, 27.00, '2026-02-17 03:04:20', '2026-02-17 03:04:20'),
(676, 199, 27, 1, 30.00, '2026-02-17 03:04:20', '2026-02-17 03:04:20'),
(677, 199, 30, 1, 150.00, '2026-02-17 03:04:20', '2026-02-17 03:04:20'),
(678, 199, 34, 1, 10.00, '2026-02-17 03:04:20', '2026-02-17 03:04:20'),
(679, 200, 23, 1, 30.00, '2026-02-17 03:05:21', '2026-02-17 03:05:21'),
(680, 200, 51, 2, 10.00, '2026-02-17 03:05:21', '2026-02-17 03:05:21'),
(682, 201, 29, 1, 100.00, '2026-02-17 03:06:23', '2026-02-17 03:06:23'),
(683, 201, 34, 1, 10.00, '2026-02-17 03:06:23', '2026-02-17 03:06:23'),
(684, 201, 35, 1, 15.00, '2026-02-17 03:06:23', '2026-02-17 03:06:23'),
(685, 201, 46, 1, 20.00, '2026-02-17 03:06:23', '2026-02-17 03:06:23'),
(686, 201, 48, 1, 8.00, '2026-02-17 03:06:23', '2026-02-17 03:06:23'),
(687, 201, 33, 1, 10.00, '2026-02-17 03:06:23', '2026-02-17 03:06:23'),
(717, 209, 25, 1, 40.00, '2026-02-17 19:53:02', '2026-02-17 19:53:02'),
(725, 212, 29, 1, 100.00, '2026-02-17 19:59:52', '2026-02-17 19:59:52'),
(726, 212, 28, 1, 35.00, '2026-02-17 19:59:52', '2026-02-17 19:59:52'),
(727, 212, 27, 1, 30.00, '2026-02-17 19:59:52', '2026-02-17 19:59:52'),
(728, 212, 32, 1, 60.00, '2026-02-17 19:59:52', '2026-02-17 19:59:52'),
(729, 212, 33, 1, 10.00, '2026-02-17 19:59:52', '2026-02-17 19:59:52'),
(730, 212, 34, 1, 10.00, '2026-02-17 19:59:52', '2026-02-17 19:59:52'),
(731, 212, 30, 1, 150.00, '2026-02-17 19:59:52', '2026-02-17 19:59:52'),
(732, 212, 35, 1, 15.00, '2026-02-17 19:59:52', '2026-02-17 19:59:52'),
(733, 212, 25, 1, 40.00, '2026-02-17 19:59:52', '2026-02-17 19:59:52'),
(734, 212, 40, 1, 40.00, '2026-02-17 19:59:52', '2026-02-17 19:59:52'),
(735, 212, 39, 1, 40.00, '2026-02-17 19:59:52', '2026-02-17 19:59:52'),
(736, 212, 38, 1, 200.00, '2026-02-17 19:59:52', '2026-02-17 19:59:52'),
(737, 212, 37, 1, 20.00, '2026-02-17 19:59:52', '2026-02-17 19:59:52'),
(738, 212, 36, 1, 5.00, '2026-02-17 19:59:52', '2026-02-17 19:59:52'),
(739, 212, 42, 1, 50.00, '2026-02-17 19:59:52', '2026-02-17 19:59:52'),
(740, 212, 43, 1, 70.00, '2026-02-17 19:59:52', '2026-02-17 19:59:52'),
(741, 213, 30, 1, 150.00, '2026-02-17 21:03:24', '2026-02-17 21:03:24'),
(742, 213, 25, 1, 40.00, '2026-02-17 21:03:24', '2026-02-17 21:03:24'),
(743, 213, 24, 1, 25.00, '2026-02-17 21:03:24', '2026-02-17 21:03:24'),
(744, 213, 29, 1, 100.00, '2026-02-17 21:03:24', '2026-02-17 21:03:24'),
(891, 232, 21, 1, 20.00, '2026-02-20 13:57:48', '2026-02-20 13:57:48'),
(892, 232, 24, 1, 25.00, '2026-02-20 13:57:48', '2026-02-20 13:57:48'),
(893, 233, 29, 1, 100.00, '2026-02-20 13:58:31', '2026-02-20 13:58:31'),
(894, 233, 40, 1, 40.00, '2026-02-20 13:58:31', '2026-02-20 13:58:31'),
(895, 233, 44, 1, 30.00, '2026-02-20 13:58:31', '2026-02-20 13:58:31'),
(896, 233, 34, 1, 10.00, '2026-02-20 13:58:31', '2026-02-20 13:58:31'),
(897, 233, 36, 1, 5.00, '2026-02-20 13:58:31', '2026-02-20 13:58:31'),
(898, 233, 45, 1, 20.00, '2026-02-20 13:58:31', '2026-02-20 13:58:31'),
(899, 233, 46, 1, 20.00, '2026-02-20 13:58:31', '2026-02-20 13:58:31'),
(900, 234, 23, 1, 30.00, '2026-02-20 13:59:33', '2026-02-20 13:59:33'),
(901, 234, 51, 1, 10.00, '2026-02-20 13:59:33', '2026-02-20 13:59:33'),
(902, 235, 25, 1, 40.00, '2026-02-20 14:00:09', '2026-02-20 14:00:09'),
(903, 235, 30, 1, 150.00, '2026-02-20 14:00:09', '2026-02-20 14:00:09'),
(904, 235, 29, 1, 100.00, '2026-02-20 14:00:09', '2026-02-20 14:00:09'),
(905, 235, 24, 1, 25.00, '2026-02-20 14:00:09', '2026-02-20 14:00:09'),
(906, 235, 23, 1, 30.00, '2026-02-20 14:00:09', '2026-02-20 14:00:09'),
(907, 235, 28, 1, 35.00, '2026-02-20 14:00:09', '2026-02-20 14:00:09'),
(908, 236, 30, 1, 150.00, '2026-02-20 14:02:38', '2026-02-20 14:02:38'),
(909, 236, 35, 1, 15.00, '2026-02-20 14:02:38', '2026-02-20 14:02:38'),
(910, 236, 34, 2, 10.00, '2026-02-20 14:02:38', '2026-02-20 14:02:38'),
(911, 236, 28, 2, 35.00, '2026-02-20 14:02:38', '2026-02-20 14:02:38'),
(912, 236, 23, 1, 30.00, '2026-02-20 14:02:38', '2026-02-20 14:02:38'),
(913, 236, 21, 1, 20.00, '2026-02-20 14:02:38', '2026-02-20 14:02:38'),
(914, 236, 27, 1, 30.00, '2026-02-20 14:02:38', '2026-02-20 14:02:38'),
(915, 236, 29, 1, 100.00, '2026-02-20 14:02:38', '2026-02-20 14:02:38'),
(916, 236, 26, 3, 27.00, '2026-02-20 14:02:38', '2026-02-20 14:02:38'),
(917, 236, 25, 1, 40.00, '2026-02-20 14:02:38', '2026-02-20 14:02:38'),
(919, 236, 36, 1, 5.00, '2026-02-20 14:02:38', '2026-02-20 14:02:38'),
(920, 236, 33, 1, 10.00, '2026-02-20 14:02:38', '2026-02-20 14:02:38'),
(921, 236, 39, 2, 40.00, '2026-02-20 14:02:38', '2026-02-20 14:02:38'),
(922, 236, 38, 1, 200.00, '2026-02-20 14:02:38', '2026-02-20 14:02:38'),
(923, 236, 40, 5, 40.00, '2026-02-20 14:02:38', '2026-02-20 14:02:38'),
(924, 236, 41, 1, 60.00, '2026-02-20 14:02:38', '2026-02-20 14:02:38'),
(925, 236, 45, 2, 20.00, '2026-02-20 14:02:38', '2026-02-20 14:02:38'),
(926, 236, 49, 1, 20.00, '2026-02-20 14:02:38', '2026-02-20 14:02:38'),
(927, 236, 70, 4, 10.00, '2026-02-20 14:02:38', '2026-02-20 14:02:38'),
(929, 236, 50, 4, 25.00, '2026-02-20 14:02:38', '2026-02-20 14:02:38'),
(930, 236, 51, 4, 10.00, '2026-02-20 14:02:38', '2026-02-20 14:02:38'),
(931, 236, 46, 3, 20.00, '2026-02-20 14:02:38', '2026-02-20 14:02:38'),
(932, 236, 43, 1, 70.00, '2026-02-20 14:02:38', '2026-02-20 14:02:38'),
(933, 236, 42, 1, 50.00, '2026-02-20 14:02:38', '2026-02-20 14:02:38'),
(934, 236, 37, 1, 20.00, '2026-02-20 14:02:38', '2026-02-20 14:02:38'),
(935, 236, 44, 1, 30.00, '2026-02-20 14:02:38', '2026-02-20 14:02:38'),
(936, 236, 52, 1, 20.00, '2026-02-20 14:02:38', '2026-02-20 14:02:38'),
(937, 236, 47, 4, 25.00, '2026-02-20 14:02:38', '2026-02-20 14:02:38'),
(938, 236, 48, 3, 8.00, '2026-02-20 14:02:38', '2026-02-20 14:02:38'),
(939, 236, 53, 3, 20.00, '2026-02-20 14:02:38', '2026-02-20 14:02:38'),
(940, 236, 24, 1, 25.00, '2026-02-20 14:02:38', '2026-02-20 14:02:38'),
(941, 237, 21, 1, 20.00, '2026-02-20 14:15:02', '2026-02-20 14:15:02'),
(942, 237, 23, 1, 30.00, '2026-02-20 14:15:02', '2026-02-20 14:15:02'),
(943, 237, 24, 1, 25.00, '2026-02-20 14:15:02', '2026-02-20 14:15:02'),
(944, 237, 25, 1, 40.00, '2026-02-20 14:15:02', '2026-02-20 14:15:02'),
(945, 237, 30, 1, 150.00, '2026-02-20 14:15:02', '2026-02-20 14:15:02'),
(946, 238, 21, 1, 20.00, '2026-02-20 14:15:32', '2026-02-20 14:15:32'),
(947, 238, 23, 1, 30.00, '2026-02-20 14:15:32', '2026-02-20 14:15:32'),
(948, 238, 24, 1, 25.00, '2026-02-20 14:15:32', '2026-02-20 14:15:32'),
(949, 238, 25, 1, 40.00, '2026-02-20 14:15:32', '2026-02-20 14:15:32'),
(950, 238, 26, 1, 27.00, '2026-02-20 14:15:32', '2026-02-20 14:15:32'),
(951, 238, 27, 1, 30.00, '2026-02-20 14:15:32', '2026-02-20 14:15:32'),
(952, 239, 21, 1, 20.00, '2026-02-20 14:15:55', '2026-02-20 14:15:55'),
(1050, 253, 32, 1, 60.00, '2026-03-02 16:51:18', '2026-03-02 16:51:18'),
(1051, 253, 37, 1, 20.00, '2026-03-02 16:51:18', '2026-03-02 16:51:18'),
(1052, 253, 38, 1, 200.00, '2026-03-02 16:51:18', '2026-03-02 16:51:18'),
(1053, 253, 36, 1, 5.00, '2026-03-02 16:51:18', '2026-03-02 16:51:18'),
(1054, 253, 42, 1, 50.00, '2026-03-02 16:51:18', '2026-03-02 16:51:18'),
(1055, 253, 43, 1, 70.00, '2026-03-02 16:51:18', '2026-03-02 16:51:18'),
(1056, 253, 44, 1, 30.00, '2026-03-02 16:51:18', '2026-03-02 16:51:18'),
(1057, 253, 29, 1, 100.00, '2026-03-02 16:51:18', '2026-03-02 16:51:18'),
(1058, 253, 35, 1, 15.00, '2026-03-02 16:51:18', '2026-03-02 16:51:18'),
(1059, 253, 30, 1, 150.00, '2026-03-02 16:51:18', '2026-03-02 16:51:18'),
(1060, 253, 28, 1, 35.00, '2026-03-02 16:51:18', '2026-03-02 16:51:18'),
(1061, 253, 21, 1, 20.00, '2026-03-02 16:51:18', '2026-03-02 16:51:18'),
(1062, 253, 23, 1, 30.00, '2026-03-02 16:51:18', '2026-03-02 16:51:18'),
(1063, 253, 24, 1, 25.00, '2026-03-02 16:51:18', '2026-03-02 16:51:18'),
(1064, 253, 25, 1, 40.00, '2026-03-02 16:51:18', '2026-03-02 16:51:18'),
(1065, 254, 32, 1, 60.00, '2026-03-02 16:58:49', '2026-03-02 16:58:49'),
(1066, 254, 51, 1, 10.00, '2026-03-02 16:58:49', '2026-03-02 16:58:49');

-- --------------------------------------------------------

--
-- Table structure for table `password_reset_tokens`
--

CREATE TABLE `password_reset_tokens` (
  `email` varchar(255) CHARACTER SET utf8mb4 COLLATE utf8mb4_unicode_ci NOT NULL,
  `token` varchar(255) CHARACTER SET utf8mb4 COLLATE utf8mb4_unicode_ci NOT NULL,
  `created_at` timestamp NULL DEFAULT NULL
) ENGINE=InnoDB DEFAULT CHARSET=utf8mb4 COLLATE=utf8mb4_unicode_ci;

-- --------------------------------------------------------

--
-- Table structure for table `permissions`
--

CREATE TABLE `permissions` (
  `id` bigint UNSIGNED NOT NULL,
  `name` varchar(255) CHARACTER SET utf8mb4 COLLATE utf8mb4_unicode_ci NOT NULL,
  `guard_name` varchar(255) CHARACTER SET utf8mb4 COLLATE utf8mb4_unicode_ci NOT NULL,
  `created_at` timestamp NULL DEFAULT NULL,
  `updated_at` timestamp NULL DEFAULT NULL
) ENGINE=InnoDB DEFAULT CHARSET=utf8mb4 COLLATE=utf8mb4_unicode_ci;

--
-- Dumping data for table `permissions`
--

INSERT INTO `permissions` (`id`, `name`, `guard_name`, `created_at`, `updated_at`) VALUES
(1, 'الاعدادات', 'web', '2026-02-03 21:57:17', '2026-02-03 21:57:17'),
(2, 'المستخدمين', 'web', '2026-02-03 21:57:17', '2026-02-03 21:57:17'),
(3, 'اضافة مستخدمين', 'web', '2026-02-03 21:57:17', '2026-02-03 21:57:17'),
(4, 'تعديل مستخدمين', 'web', '2026-02-03 21:57:17', '2026-02-03 21:57:17'),
(5, 'حذف مستخدمين', 'web', '2026-02-03 21:57:17', '2026-02-03 21:57:17'),
(6, 'عرض المستخدمين', 'web', '2026-02-03 21:57:17', '2026-02-03 21:57:17'),
(7, 'الصلاحيات', 'web', '2026-02-03 21:57:17', '2026-02-03 21:57:17'),
(8, 'اضافة صلاحية', 'web', '2026-02-03 21:57:17', '2026-02-03 21:57:17'),
(9, 'تعديل صلاحية', 'web', '2026-02-03 21:57:17', '2026-02-03 21:57:17'),
(10, 'حذف صلاحية', 'web', '2026-02-03 21:57:17', '2026-02-03 21:57:17'),
(11, 'اعدادت السيستم', 'web', '2026-02-03 21:57:17', '2026-02-03 21:57:17'),
(12, 'الاقسام', 'web', '2026-02-03 21:57:17', '2026-02-03 21:57:17'),
(13, 'اضافة صنف', 'web', '2026-02-03 21:57:17', '2026-02-03 21:57:17'),
(14, 'تعديل صنف', 'web', '2026-02-03 21:57:17', '2026-02-03 21:57:17'),
(15, 'حذف صنف', 'web', '2026-02-03 21:57:17', '2026-02-03 21:57:17'),
(16, 'عرض صنف', 'web', '2026-02-03 21:57:17', '2026-02-03 21:57:17'),
(17, 'المنتجات', 'web', '2026-02-03 21:57:17', '2026-02-03 21:57:17'),
(18, 'اضافة منتج', 'web', '2026-02-03 21:57:17', '2026-02-03 21:57:17'),
(19, 'تعديل منتج', 'web', '2026-02-03 21:57:17', '2026-02-03 21:57:17'),
(20, 'حذف منتج', 'web', '2026-02-03 21:57:17', '2026-02-03 21:57:17'),
(21, 'عرض منتج', 'web', '2026-02-03 21:57:17', '2026-02-03 21:57:17'),
(22, 'الطاولات', 'web', '2026-02-03 21:57:17', '2026-02-03 21:57:17'),
(23, 'اضافة طاولات', 'web', '2026-02-03 21:57:17', '2026-02-03 21:57:17'),
(24, 'تعديل طاولات', 'web', '2026-02-03 21:57:17', '2026-02-03 21:57:17'),
(25, 'حذف طاولات', 'web', '2026-02-03 21:57:17', '2026-02-03 21:57:17'),
(26, 'عرض الطاولات', 'web', '2026-02-03 21:57:17', '2026-02-03 21:57:17'),
(27, 'الحجوزات', 'web', '2026-02-03 21:57:17', '2026-02-03 21:57:17'),
(28, 'اضافة حجوزات', 'web', '2026-02-03 21:57:17', '2026-02-03 21:57:17'),
(29, 'تعديل حجوزات', 'web', '2026-02-03 21:57:17', '2026-02-03 21:57:17'),
(30, 'حذف حجوزات', 'web', '2026-02-03 21:57:17', '2026-02-03 21:57:17'),
(31, 'عرض الحجوزات', 'web', '2026-02-03 21:57:17', '2026-02-03 21:57:17'),
(32, 'الطلبات', 'web', '2026-02-03 21:57:17', '2026-02-03 21:57:17'),
(33, 'اضافة طلبات', 'web', '2026-02-03 21:57:17', '2026-02-03 21:57:17'),
(34, 'تعديل طلبات', 'web', '2026-02-03 21:57:17', '2026-02-03 21:57:17'),
(35, 'حذف طلبات', 'web', '2026-02-03 21:57:17', '2026-02-03 21:57:17'),
(36, 'عرض الطلبات', 'web', '2026-02-03 21:57:17', '2026-02-03 21:57:17'),
(37, 'تحديث حالة الطلب', 'web', '2026-02-03 21:57:17', '2026-02-03 21:57:17'),
(38, 'المطبخ', 'web', '2026-02-03 21:57:17', '2026-02-03 21:57:17'),
(39, 'عرض طلبات المطبخ', 'web', '2026-02-03 21:57:17', '2026-02-03 21:57:17'),
(40, 'تحديث حالة الطلب بالمطبخ', 'web', '2026-02-03 21:57:17', '2026-02-03 21:57:17'),
(41, 'التقارير', 'web', '2026-02-03 21:57:17', '2026-02-03 21:57:17'),
(42, 'عرض التقارير', 'web', '2026-02-03 21:57:17', '2026-02-03 21:57:17'),
(43, 'الكاشير', 'web', '2026-02-03 21:57:17', '2026-02-03 21:57:17'),
(44, 'لوحة المسوول', 'web', '2026-02-08 03:52:44', '2026-02-08 03:52:44'),
(45, 'اسليدر الموقع ', 'web', '2026-02-09 23:45:39', '2026-02-09 23:45:39'),
(46, 'الموقع للمطعم', 'web', '2026-02-09 23:49:31', '2026-02-09 23:49:31'),
(50, 'طالبات العملاء ', 'web', '2026-02-16 01:11:23', '2026-02-16 01:11:23');

-- --------------------------------------------------------

--
-- Table structure for table `products`
--

CREATE TABLE `products` (
  `id` bigint UNSIGNED NOT NULL,
  `name` varchar(255) CHARACTER SET utf8mb4 COLLATE utf8mb4_unicode_ci NOT NULL,
  `category_id` bigint UNSIGNED NOT NULL,
  `image` varchar(255) CHARACTER SET utf8mb4 COLLATE utf8mb4_unicode_ci DEFAULT NULL,
  `price` double NOT NULL,
  `cost_price` decimal(10,2) NOT NULL DEFAULT '0.00',
  `created_at` timestamp NULL DEFAULT NULL,
  `updated_at` timestamp NULL DEFAULT NULL
) ENGINE=InnoDB DEFAULT CHARSET=utf8mb4 COLLATE=utf8mb4_unicode_ci;

--
-- Dumping data for table `products`
--

INSERT INTO `products` (`id`, `name`, `category_id`, `image`, `price`, `cost_price`, `created_at`, `updated_at`) VALUES
(21, 'ساندوتش كفتة مشوية', 10, '1770672225_كفتة_مشوية.jpg', 20, 0.00, '2026-02-09 21:23:45', '2026-02-09 21:23:45'),
(23, 'ساندوتش دجاج بانيه', 10, '1770672311_فراخ_بانيه.jpg', 30, 0.00, '2026-02-09 21:25:11', '2026-02-09 21:25:11'),
(24, 'ساندوتش حواوشى', 10, '1770672376_حواوشى_سبايسي.jpg', 25, 0.00, '2026-02-09 21:26:16', '2026-02-09 21:26:16'),
(25, 'ساندوتش شيش طاووق', 10, '1770672427_ساندوتش_شيش_طاووق.jpg', 40, 0.00, '2026-02-09 21:27:07', '2026-02-09 21:27:07'),
(26, 'ساندوتش سجق بلدي', 10, '1770672467_سجق.jpg', 27, 0.00, '2026-02-09 21:27:47', '2026-02-09 21:27:47'),
(27, 'ساندوتش كفتة فراخ', 10, '1770672532_ساندوتش_كفتة_فراخ.jpg', 30, 0.00, '2026-02-09 21:28:52', '2026-02-09 21:28:52'),
(28, 'ساندوتش دجاج بانيه مع جبنة موتزاريلا', 10, '1770672584_فراخ_بانيه_بالموزاريلا.jpg', 35, 0.00, '2026-02-09 21:29:44', '2026-02-09 21:29:44'),
(29, 'نص فرخه مشويه', 12, '1770672665_نص_فرخه_مشويه.jpg', 100, 0.00, '2026-02-09 21:31:05', '2026-02-09 21:31:05'),
(30, 'سجق فراخ مشوى', 12, '1770672727_سجق_فراخ_مشوى.jpg', 150, 0.00, '2026-02-09 21:32:07', '2026-02-09 21:32:07'),
(32, 'ربع ورك فرخه مشويه', 12, '1770672837_نص_فرخه_مشويه.jpg', 60, 0.00, '2026-02-09 21:33:57', '2026-02-09 21:33:57'),
(33, 'طحينة', 14, '1770672959_طحينة.jpg', 10, 0.00, '2026-02-09 21:35:59', '2026-02-09 21:35:59'),
(34, 'سلطة بلدى', 14, '1770672991_سلطة_بلدى.jpg', 10, 0.00, '2026-02-09 21:36:31', '2026-02-09 21:36:31'),
(35, 'بابا غنوج', 14, '1770673019_بابا_غنوج.jpg', 15, 0.00, '2026-02-09 21:36:59', '2026-02-09 21:36:59'),
(36, 'طرشى بلدى', 14, '1770673142_طرشى_بلدى.jpg', 5, 0.00, '2026-02-09 21:38:27', '2026-02-09 21:39:02'),
(37, 'باذنجان مخلل', 14, '1770673171_باذنجان_مخلل.jpg', 20, 0.00, '2026-02-09 21:39:31', '2026-02-09 21:39:31'),
(38, 'كفتة مشوية و طرب', 12, '1770673285_كفتة_مشوية_و_طرب.jpg', 200, 0.00, '2026-02-09 21:41:25', '2026-02-09 21:41:25'),
(39, 'أرز مسلوق', 13, '1770673333_أرز_مسلوق.jpg', 40, 0.00, '2026-02-09 21:42:13', '2026-02-09 21:42:13'),
(40, 'أرز بالخلطه', 13, '1770673362_أرز_بالخلطه.jpg', 40, 0.00, '2026-02-09 21:42:42', '2026-02-09 21:42:42'),
(41, 'مكرونه اسباجتي باللحمه المفرومه', 13, '1770673400_مكرونه_سباغتي_باللحمه_المفرومه.jpg', 60, 0.00, '2026-02-09 21:43:20', '2026-02-09 21:43:20'),
(42, 'مكرونه بالبشاميل واللحمه المفرومه بالفرن', 13, '1770673428_مكرونه_بالباشمل_اللحمه_المفرومه_بالفرن.jpg', 50, 0.00, '2026-02-09 21:43:48', '2026-02-09 21:43:48'),
(43, 'طبق ممبار', 13, '1770673452_طبق_ممبار.jpg', 70, 0.00, '2026-02-09 21:44:12', '2026-02-09 21:44:12'),
(44, 'شوربة لسان عصفور', 13, '1770673497_شوربة_لسان_عصفور.jpg', 30, 0.00, '2026-02-09 21:44:57', '2026-02-09 21:44:57'),
(45, 'كوكاكولا علب', 15, '1770673556_كوكاكولا_علب.png', 20, 0.00, '2026-02-09 21:45:56', '2026-02-09 21:46:25'),
(46, 'سبرايت علب', 15, '1770673607_سبرايت_علب.png', 20, 0.00, '2026-02-09 21:46:47', '2026-02-09 21:46:47'),
(47, 'عصير جوافة', 15, '1770673630_عصير_جوافة.jpg', 25, 0.00, '2026-02-09 21:47:10', '2026-02-09 21:47:10'),
(48, 'مياه معدنية', 15, '1770673656_مياه_معدنية.jpg', 8, 0.00, '2026-02-09 21:47:36', '2026-02-09 21:47:36'),
(49, 'عصير ليمون', 15, '1770673682_عصير_ليمون.jpg', 20, 0.00, '2026-02-09 21:48:02', '2026-02-09 21:48:02'),
(50, 'عصير مانجو', 15, '1770673710_عصير_مانجو.jpg', 25, 0.00, '2026-02-09 21:48:30', '2026-02-09 21:48:30'),
(51, 'شاى', 15, '1770673775_شاى.jpg', 10, 0.00, '2026-02-09 21:49:35', '2026-02-09 21:49:35'),
(52, 'قهوة', 15, '1770673821_قهوة.jpg', 20, 0.00, '2026-02-09 21:50:21', '2026-02-09 21:50:21'),
(53, 'ارز باللبن', 16, '1770673892_ارز_باللبن.jpg', 20, 0.00, '2026-02-09 21:51:32', '2026-02-09 21:51:32'),
(70, 'بطاطس', 25, '1771595717_a0b6876d-8065-4cd2-a82d-1a0a2b688d47.jpg', 10, 0.00, '2026-02-20 13:55:17', '2026-02-20 13:55:17');

-- --------------------------------------------------------

--
-- Table structure for table `reservations`
--

CREATE TABLE `reservations` (
  `id` bigint UNSIGNED NOT NULL,
  `customer_name` varchar(255) CHARACTER SET utf8mb4 COLLATE utf8mb4_unicode_ci NOT NULL,
  `phone` varchar(255) CHARACTER SET utf8mb4 COLLATE utf8mb4_unicode_ci NOT NULL,
  `guest_count` int NOT NULL,
  `table_id` bigint UNSIGNED NOT NULL,
  `status` enum('في الانتظار','تم الحجز','اكتمل الطلب','ملغي') CHARACTER SET utf8mb4 COLLATE utf8mb4_unicode_ci NOT NULL DEFAULT 'في الانتظار',
  `datetime` datetime NOT NULL,
  `created_at` timestamp NULL DEFAULT NULL,
  `updated_at` timestamp NULL DEFAULT NULL
) ENGINE=InnoDB DEFAULT CHARSET=utf8mb4 COLLATE=utf8mb4_unicode_ci;

--
-- Dumping data for table `reservations`
--

INSERT INTO `reservations` (`id`, `customer_name`, `phone`, `guest_count`, `table_id`, `status`, `datetime`, `created_at`, `updated_at`) VALUES
(13, 'ابراهيم', '01225399159', 1, 5, 'تم الحجز', '2026-02-10 04:06:00', '2026-02-10 02:06:57', '2026-03-22 14:33:31'),
(16, 'عبد الله', '01225399159', 1, 10, 'تم الحجز', '2026-02-10 18:24:00', '2026-02-10 16:24:12', '2026-03-22 14:33:21'),
(17, 'محمد هانى', '01225399159', 1, 3, 'تم الحجز', '2026-02-10 19:14:00', '2026-02-10 17:14:35', '2026-03-22 14:33:15'),
(19, 'علاء', '01225399114', 1, 14, 'تم الحجز', '2026-02-20 16:08:00', '2026-02-20 14:08:16', '2026-02-20 14:11:36');

-- --------------------------------------------------------

--
-- Table structure for table `roles`
--

CREATE TABLE `roles` (
  `id` bigint UNSIGNED NOT NULL,
  `name` varchar(255) CHARACTER SET utf8mb4 COLLATE utf8mb4_unicode_ci NOT NULL,
  `guard_name` varchar(255) CHARACTER SET utf8mb4 COLLATE utf8mb4_unicode_ci NOT NULL,
  `created_at` timestamp NULL DEFAULT NULL,
  `updated_at` timestamp NULL DEFAULT NULL
) ENGINE=InnoDB DEFAULT CHARSET=utf8mb4 COLLATE=utf8mb4_unicode_ci;

--
-- Dumping data for table `roles`
--

INSERT INTO `roles` (`id`, `name`, `guard_name`, `created_at`, `updated_at`) VALUES
(1, 'admin', 'web', '2026-02-03 21:57:17', '2026-02-03 21:57:17'),
(5, 'waiter', 'web', '2026-02-03 23:16:23', '2026-02-03 23:16:23'),
(8, 'Cashier', 'web', '2026-02-03 23:46:16', '2026-02-03 23:46:16'),
(12, 'KitchenStaff', 'web', '2026-03-22 14:39:42', '2026-03-22 14:39:42');

-- --------------------------------------------------------

--
-- Table structure for table `role_has_permissions`
--

CREATE TABLE `role_has_permissions` (
  `permission_id` bigint UNSIGNED NOT NULL,
  `role_id` bigint UNSIGNED NOT NULL
) ENGINE=InnoDB DEFAULT CHARSET=utf8mb4 COLLATE=utf8mb4_unicode_ci;

--
-- Dumping data for table `role_has_permissions`
--

INSERT INTO `role_has_permissions` (`permission_id`, `role_id`) VALUES
(1, 1),
(2, 1),
(3, 1),
(4, 1),
(5, 1),
(6, 1),
(7, 1),
(8, 1),
(9, 1),
(10, 1),
(11, 1),
(12, 1),
(13, 1),
(14, 1),
(15, 1),
(16, 1),
(17, 1),
(18, 1),
(19, 1),
(20, 1),
(21, 1),
(22, 1),
(23, 1),
(24, 1),
(25, 1),
(26, 1),
(27, 1),
(28, 1),
(29, 1),
(30, 1),
(31, 1),
(32, 1),
(33, 1),
(34, 1),
(35, 1),
(36, 1),
(37, 1),
(38, 1),
(39, 1),
(40, 1),
(41, 1),
(42, 1),
(43, 1),
(44, 1),
(45, 1),
(46, 1),
(50, 1),
(27, 5),
(28, 5),
(29, 5),
(31, 5),
(50, 5),
(43, 8),
(38, 12),
(39, 12),
(40, 12);

-- --------------------------------------------------------

--
-- Table structure for table `sessions`
--

CREATE TABLE `sessions` (
  `id` varchar(255) CHARACTER SET utf8mb4 COLLATE utf8mb4_unicode_ci NOT NULL,
  `user_id` bigint UNSIGNED DEFAULT NULL,
  `ip_address` varchar(45) CHARACTER SET utf8mb4 COLLATE utf8mb4_unicode_ci DEFAULT NULL,
  `user_agent` text CHARACTER SET utf8mb4 COLLATE utf8mb4_unicode_ci,
  `payload` longtext CHARACTER SET utf8mb4 COLLATE utf8mb4_unicode_ci NOT NULL,
  `last_activity` int NOT NULL
) ENGINE=InnoDB DEFAULT CHARSET=utf8mb4 COLLATE=utf8mb4_unicode_ci;

--
-- Dumping data for table `sessions`
--

INSERT INTO `sessions` (`id`, `user_id`, `ip_address`, `user_agent`, `payload`, `last_activity`) VALUES
('IXk2Bgmb0YSbA3LLuKC9898wtHWe8zexDFK9Xtow', NULL, '127.0.0.1', 'Mozilla/5.0 (Linux; Android 6.0; Nexus 5 Build/MRA58N) AppleWebKit/537.36 (KHTML, like Gecko) Chrome/143.0.0.0 Mobile Safari/537.36', 'YTo0OntzOjY6Il90b2tlbiI7czo0MDoidXdiYWthYWliMGFLQ0drUlpjZ1d3M2p3Mzl1dVBGVzRYdm9WRXFHUiI7czo5OiJfcHJldmlvdXMiO2E6Mjp7czozOiJ1cmwiO3M6MjY6Imh0dHA6Ly8xMjcuMC4wLjE6ODAwMC9tZW51IjtzOjU6InJvdXRlIjtzOjEwOiJmcm9udC5tZW51Ijt9czo2OiJfZmxhc2giO2E6Mjp7czozOiJvbGQiO2E6MDp7fXM6MzoibmV3IjthOjA6e319czo0OiJjYXJ0IjthOjI6e2k6MjE7YTo1OntzOjI6ImlkIjtpOjIxO3M6NDoibmFtZSI7czozNDoi2LPYp9mG2K/ZiNiq2LQg2YPZgdiq2Kkg2YXYtNmI2YrYqSI7czo4OiJxdWFudGl0eSI7aToxO3M6NToicHJpY2UiO2Q6MjA7czo1OiJpbWFnZSI7czozNDoiMTc3MDY3MjIyNV/Zg9mB2KrYqV/Zhdi02YjZitipLmpwZyI7fWk6MjM7YTo1OntzOjI6ImlkIjtpOjIzO3M6NDoibmFtZSI7czozNDoi2LPYp9mG2K/ZiNiq2LQg2K/YrNin2Kwg2KjYp9mG2YrZhyI7czo4OiJxdWFudGl0eSI7aToxO3M6NToicHJpY2UiO2Q6MzA7czo1OiJpbWFnZSI7czozNDoiMTc3MDY3MjMxMV/Zgdix2KfYrl/YqNin2YbZitmHLmpwZyI7fX19', 1774695876),
('nvmN8e9ncOHEjTG4SR7F126MMDjnrNrHDbvWasBD', NULL, '127.0.0.1', 'Mozilla/5.0 (Windows NT 10.0; Win64; x64) AppleWebKit/537.36 (KHTML, like Gecko) Chrome/143.0.0.0 Safari/537.36', 'YTozOntzOjY6Il90b2tlbiI7czo0MDoiWjQ5eGxFUThhTjhpazNJT0pENjNyeFhLeTVDUVVsTW1uMWg4REVhSiI7czo5OiJfcHJldmlvdXMiO2E6Mjp7czozOiJ1cmwiO3M6MjE6Imh0dHA6Ly8xMjcuMC4wLjE6ODAwMCI7czo1OiJyb3V0ZSI7czoxMDoiZnJvbnQuaG9tZSI7fXM6NjoiX2ZsYXNoIjthOjI6e3M6Mzoib2xkIjthOjA6e31zOjM6Im5ldyI7YTowOnt9fX0=', 1774727904),
('Z8FwoDQL5EekkXAxHFMRADZzXS23Xo4glBCTjOKY', 1, '127.0.0.1', 'Mozilla/5.0 (Windows NT 10.0; Win64; x64) AppleWebKit/537.36 (KHTML, like Gecko) Chrome/143.0.0.0 Safari/537.36', 'YTo1OntzOjY6Il90b2tlbiI7czo0MDoidEZrdlFKeGw0dDE3aTBDWXhUbFRFMHRFeUtlYVdrSlFOa2I3UlpmSSI7czo2OiJfZmxhc2giO2E6Mjp7czozOiJvbGQiO2E6MDp7fXM6MzoibmV3IjthOjA6e319czo5OiJfcHJldmlvdXMiO2E6Mjp7czozOiJ1cmwiO3M6MzE6Imh0dHA6Ly8xMjcuMC4wLjE6ODAwMC9kYXNoYm9hcmQiO3M6NToicm91dGUiO3M6OToiZGFzaGJvYXJkIjt9czozOiJ1cmwiO2E6MDp7fXM6NTA6ImxvZ2luX3dlYl81OWJhMzZhZGRjMmIyZjk0MDE1ODBmMDE0YzdmNThlYTRlMzA5ODlkIjtpOjE7fQ==', 1775053254);

-- --------------------------------------------------------

--
-- Table structure for table `settings`
--

CREATE TABLE `settings` (
  `id` bigint UNSIGNED NOT NULL,
  `created_at` timestamp NULL DEFAULT NULL,
  `updated_at` timestamp NULL DEFAULT NULL
) ENGINE=InnoDB DEFAULT CHARSET=utf8mb4 COLLATE=utf8mb4_unicode_ci;

-- --------------------------------------------------------

--
-- Table structure for table `sliders`
--

CREATE TABLE `sliders` (
  `id` bigint UNSIGNED NOT NULL,
  `big_title` varchar(255) CHARACTER SET utf8mb4 COLLATE utf8mb4_unicode_ci NOT NULL,
  `small_title` varchar(255) CHARACTER SET utf8mb4 COLLATE utf8mb4_unicode_ci DEFAULT NULL,
  `image` varchar(255) CHARACTER SET utf8mb4 COLLATE utf8mb4_unicode_ci NOT NULL,
  `created_at` timestamp NULL DEFAULT NULL,
  `updated_at` timestamp NULL DEFAULT NULL
) ENGINE=InnoDB DEFAULT CHARSET=utf8mb4 COLLATE=utf8mb4_unicode_ci;

--
-- Dumping data for table `sliders`
--

INSERT INTO `sliders` (`id`, `big_title`, `small_title`, `image`, `created_at`, `updated_at`) VALUES
(3, 'متعة الطعم في كل وجبة', 'استمتع بأشهى المأكولات مع كل لقمة', '1770670650_bg.png', '2026-02-09 20:57:30', '2026-02-09 20:57:30');

-- --------------------------------------------------------

--
-- Table structure for table `tables`
--

CREATE TABLE `tables` (
  `id` bigint UNSIGNED NOT NULL,
  `number` varchar(255) CHARACTER SET utf8mb4 COLLATE utf8mb4_unicode_ci NOT NULL,
  `min_guests` int NOT NULL DEFAULT '1',
  `max_guests` int NOT NULL DEFAULT '4',
  `status` enum('متاحة','مشغولة','محجوزة') CHARACTER SET utf8mb4 COLLATE utf8mb4_unicode_ci NOT NULL DEFAULT 'متاحة',
  `created_at` timestamp NULL DEFAULT NULL,
  `updated_at` timestamp NULL DEFAULT NULL
) ENGINE=InnoDB DEFAULT CHARSET=utf8mb4 COLLATE=utf8mb4_unicode_ci;

--
-- Dumping data for table `tables`
--

INSERT INTO `tables` (`id`, `number`, `min_guests`, `max_guests`, `status`, `created_at`, `updated_at`) VALUES
(3, 'T1', 1, 4, 'متاحة', '2026-02-10 02:03:21', '2026-03-28 00:26:18'),
(4, 'T2', 2, 4, 'محجوزة', '2026-02-10 02:03:39', '2026-02-17 19:53:02'),
(5, 'T3', 2, 5, 'محجوزة', '2026-02-10 02:04:01', '2026-03-22 14:33:31'),
(6, 'T4', 2, 3, 'محجوزة', '2026-02-10 02:04:16', '2026-02-10 17:18:38'),
(7, 'T5', 1, 2, 'محجوزة', '2026-02-10 02:04:39', '2026-02-13 02:52:11'),
(8, 'T6', 2, 4, 'محجوزة', '2026-02-10 02:05:05', '2026-02-15 17:05:26'),
(9, 'T7', 1, 5, 'محجوزة', '2026-02-10 02:05:29', '2026-02-15 17:14:24'),
(10, 'T8', 1, 8, 'محجوزة', '2026-02-10 02:05:48', '2026-03-22 14:33:21'),
(11, 'T9', 4, 6, 'محجوزة', '2026-02-10 02:06:11', '2026-02-20 14:00:09'),
(13, 'T11', 1, 3, 'متاحة', '2026-02-17 01:06:56', '2026-03-28 00:14:23'),
(14, 'T12', 1, 4, 'محجوزة', '2026-02-20 14:01:28', '2026-02-20 14:11:36');

-- --------------------------------------------------------

--
-- Table structure for table `users`
--

CREATE TABLE `users` (
  `id` bigint UNSIGNED NOT NULL,
  `name` varchar(255) CHARACTER SET utf8mb4 COLLATE utf8mb4_unicode_ci NOT NULL,
  `email` varchar(255) CHARACTER SET utf8mb4 COLLATE utf8mb4_unicode_ci NOT NULL,
  `email_verified_at` timestamp NULL DEFAULT NULL,
  `password` varchar(255) CHARACTER SET utf8mb4 COLLATE utf8mb4_unicode_ci NOT NULL,
  `remember_token` varchar(100) CHARACTER SET utf8mb4 COLLATE utf8mb4_unicode_ci DEFAULT NULL,
  `created_at` timestamp NULL DEFAULT NULL,
  `updated_at` timestamp NULL DEFAULT NULL
) ENGINE=InnoDB DEFAULT CHARSET=utf8mb4 COLLATE=utf8mb4_unicode_ci;

--
-- Dumping data for table `users`
--

INSERT INTO `users` (`id`, `name`, `email`, `email_verified_at`, `password`, `remember_token`, `created_at`, `updated_at`) VALUES
(1, 'سمير', 'samir@gmail.com', NULL, '$2y$12$knRXUcql1slrjGTXxQ6M4eRXhkWRhLj6gqycj4VlQnFpD5mf8tXSS', 'SLAhqnq3qVEdhVT0yra4KtXyz5dRfp8JiZ7eb2CA6qw39nMJCO4htnKcLoAx', '2026-02-03 21:57:18', '2026-02-27 14:02:42'),
(3, 'ahmed', 'ahmed@gamil.com', NULL, '$2y$12$7pzr14cQscXLes1pnze5C.YN6V3LqNruTNyoBmITbS/Ds0tvqsH1S', '6rLC4XYoav39NZAgxXimYjE2nQari8HYYbKhhxr3oPWEDMbzGYOsjQ0wRK5t', '2026-02-03 22:42:13', '2026-02-20 14:20:12'),
(4, 'محمد', 'mohamed@gmail.com', NULL, '$2y$12$R6kqqnjgCcujXn8hwjxAJOht53..T.IpD7sXUg9U.DgjkqZlVG.Be', '8hexuoMbGCrt3BtT1IZr41D65rj9aAO7F82a8oPzAjki0PrXWSCXPJbgZ8h9', '2026-02-03 23:21:48', '2026-03-22 14:28:28'),
(7, 'على', 'ali@gmail.com', NULL, '$2y$12$zn3Ak/QQQy10ChVM4kQ3IeRYcteVbYFEo2Q75eqUCV4nKJ8k1o7Um', NULL, '2026-03-22 14:42:06', '2026-03-22 14:42:06');

--
-- Indexes for dumped tables
--

--
-- Indexes for table `cache`
--
ALTER TABLE `cache`
  ADD PRIMARY KEY (`key`);

--
-- Indexes for table `cache_locks`
--
ALTER TABLE `cache_locks`
  ADD PRIMARY KEY (`key`);

--
-- Indexes for table `categories`
--
ALTER TABLE `categories`
  ADD PRIMARY KEY (`id`);

--
-- Indexes for table `customer_carts`
--
ALTER TABLE `customer_carts`
  ADD PRIMARY KEY (`id`);

--
-- Indexes for table `customer_cart_ors`
--
ALTER TABLE `customer_cart_ors`
  ADD PRIMARY KEY (`id`),
  ADD KEY `customer_cart_ors_customer_cart_id_foreign` (`customer_cart_id`);

--
-- Indexes for table `failed_jobs`
--
ALTER TABLE `failed_jobs`
  ADD PRIMARY KEY (`id`),
  ADD UNIQUE KEY `failed_jobs_uuid_unique` (`uuid`);

--
-- Indexes for table `jobs`
--
ALTER TABLE `jobs`
  ADD PRIMARY KEY (`id`),
  ADD KEY `jobs_queue_index` (`queue`);

--
-- Indexes for table `job_batches`
--
ALTER TABLE `job_batches`
  ADD PRIMARY KEY (`id`);

--
-- Indexes for table `migrations`
--
ALTER TABLE `migrations`
  ADD PRIMARY KEY (`id`);

--
-- Indexes for table `model_has_permissions`
--
ALTER TABLE `model_has_permissions`
  ADD PRIMARY KEY (`permission_id`,`model_id`,`model_type`),
  ADD KEY `model_has_permissions_model_id_model_type_index` (`model_id`,`model_type`);

--
-- Indexes for table `model_has_roles`
--
ALTER TABLE `model_has_roles`
  ADD PRIMARY KEY (`role_id`,`model_id`,`model_type`),
  ADD KEY `model_has_roles_model_id_model_type_index` (`model_id`,`model_type`);

--
-- Indexes for table `orders`
--
ALTER TABLE `orders`
  ADD PRIMARY KEY (`id`),
  ADD KEY `orders_table_id_foreign` (`table_id`),
  ADD KEY `orders_user_id_foreign` (`user_id`);

--
-- Indexes for table `order_items`
--
ALTER TABLE `order_items`
  ADD PRIMARY KEY (`id`),
  ADD KEY `order_items_order_id_foreign` (`order_id`),
  ADD KEY `order_items_product_id_foreign` (`product_id`);

--
-- Indexes for table `password_reset_tokens`
--
ALTER TABLE `password_reset_tokens`
  ADD PRIMARY KEY (`email`);

--
-- Indexes for table `permissions`
--
ALTER TABLE `permissions`
  ADD PRIMARY KEY (`id`),
  ADD UNIQUE KEY `permissions_name_guard_name_unique` (`name`,`guard_name`);

--
-- Indexes for table `products`
--
ALTER TABLE `products`
  ADD PRIMARY KEY (`id`),
  ADD KEY `products_category_id_foreign` (`category_id`);

--
-- Indexes for table `reservations`
--
ALTER TABLE `reservations`
  ADD PRIMARY KEY (`id`),
  ADD KEY `reservations_table_id_foreign` (`table_id`);

--
-- Indexes for table `roles`
--
ALTER TABLE `roles`
  ADD PRIMARY KEY (`id`),
  ADD UNIQUE KEY `roles_name_guard_name_unique` (`name`,`guard_name`);

--
-- Indexes for table `role_has_permissions`
--
ALTER TABLE `role_has_permissions`
  ADD PRIMARY KEY (`permission_id`,`role_id`),
  ADD KEY `role_has_permissions_role_id_foreign` (`role_id`);

--
-- Indexes for table `sessions`
--
ALTER TABLE `sessions`
  ADD PRIMARY KEY (`id`),
  ADD KEY `sessions_user_id_index` (`user_id`),
  ADD KEY `sessions_last_activity_index` (`last_activity`);

--
-- Indexes for table `settings`
--
ALTER TABLE `settings`
  ADD PRIMARY KEY (`id`);

--
-- Indexes for table `sliders`
--
ALTER TABLE `sliders`
  ADD PRIMARY KEY (`id`);

--
-- Indexes for table `tables`
--
ALTER TABLE `tables`
  ADD PRIMARY KEY (`id`),
  ADD UNIQUE KEY `tables_number_unique` (`number`);

--
-- Indexes for table `users`
--
ALTER TABLE `users`
  ADD PRIMARY KEY (`id`),
  ADD UNIQUE KEY `users_email_unique` (`email`);

--
-- AUTO_INCREMENT for dumped tables
--

--
-- AUTO_INCREMENT for table `categories`
--
ALTER TABLE `categories`
  MODIFY `id` bigint UNSIGNED NOT NULL AUTO_INCREMENT, AUTO_INCREMENT=32;

--
-- AUTO_INCREMENT for table `customer_carts`
--
ALTER TABLE `customer_carts`
  MODIFY `id` bigint UNSIGNED NOT NULL AUTO_INCREMENT, AUTO_INCREMENT=58;

--
-- AUTO_INCREMENT for table `customer_cart_ors`
--
ALTER TABLE `customer_cart_ors`
  MODIFY `id` bigint UNSIGNED NOT NULL AUTO_INCREMENT, AUTO_INCREMENT=82;

--
-- AUTO_INCREMENT for table `failed_jobs`
--
ALTER TABLE `failed_jobs`
  MODIFY `id` bigint UNSIGNED NOT NULL AUTO_INCREMENT;

--
-- AUTO_INCREMENT for table `jobs`
--
ALTER TABLE `jobs`
  MODIFY `id` bigint UNSIGNED NOT NULL AUTO_INCREMENT;

--
-- AUTO_INCREMENT for table `migrations`
--
ALTER TABLE `migrations`
  MODIFY `id` int UNSIGNED NOT NULL AUTO_INCREMENT, AUTO_INCREMENT=26;

--
-- AUTO_INCREMENT for table `orders`
--
ALTER TABLE `orders`
  MODIFY `id` bigint UNSIGNED NOT NULL AUTO_INCREMENT, AUTO_INCREMENT=255;

--
-- AUTO_INCREMENT for table `order_items`
--
ALTER TABLE `order_items`
  MODIFY `id` bigint UNSIGNED NOT NULL AUTO_INCREMENT, AUTO_INCREMENT=1067;

--
-- AUTO_INCREMENT for table `permissions`
--
ALTER TABLE `permissions`
  MODIFY `id` bigint UNSIGNED NOT NULL AUTO_INCREMENT, AUTO_INCREMENT=51;

--
-- AUTO_INCREMENT for table `products`
--
ALTER TABLE `products`
  MODIFY `id` bigint UNSIGNED NOT NULL AUTO_INCREMENT, AUTO_INCREMENT=73;

--
-- AUTO_INCREMENT for table `reservations`
--
ALTER TABLE `reservations`
  MODIFY `id` bigint UNSIGNED NOT NULL AUTO_INCREMENT, AUTO_INCREMENT=38;

--
-- AUTO_INCREMENT for table `roles`
--
ALTER TABLE `roles`
  MODIFY `id` bigint UNSIGNED NOT NULL AUTO_INCREMENT, AUTO_INCREMENT=13;

--
-- AUTO_INCREMENT for table `settings`
--
ALTER TABLE `settings`
  MODIFY `id` bigint UNSIGNED NOT NULL AUTO_INCREMENT;

--
-- AUTO_INCREMENT for table `sliders`
--
ALTER TABLE `sliders`
  MODIFY `id` bigint UNSIGNED NOT NULL AUTO_INCREMENT, AUTO_INCREMENT=10;

--
-- AUTO_INCREMENT for table `tables`
--
ALTER TABLE `tables`
  MODIFY `id` bigint UNSIGNED NOT NULL AUTO_INCREMENT, AUTO_INCREMENT=15;

--
-- AUTO_INCREMENT for table `users`
--
ALTER TABLE `users`
  MODIFY `id` bigint UNSIGNED NOT NULL AUTO_INCREMENT, AUTO_INCREMENT=8;

--
-- Constraints for dumped tables
--

--
-- Constraints for table `customer_cart_ors`
--
ALTER TABLE `customer_cart_ors`
  ADD CONSTRAINT `customer_cart_ors_customer_cart_id_foreign` FOREIGN KEY (`customer_cart_id`) REFERENCES `customer_carts` (`id`) ON DELETE CASCADE;

--
-- Constraints for table `model_has_permissions`
--
ALTER TABLE `model_has_permissions`
  ADD CONSTRAINT `model_has_permissions_permission_id_foreign` FOREIGN KEY (`permission_id`) REFERENCES `permissions` (`id`) ON DELETE CASCADE;

--
-- Constraints for table `model_has_roles`
--
ALTER TABLE `model_has_roles`
  ADD CONSTRAINT `model_has_roles_role_id_foreign` FOREIGN KEY (`role_id`) REFERENCES `roles` (`id`) ON DELETE CASCADE;

--
-- Constraints for table `orders`
--
ALTER TABLE `orders`
  ADD CONSTRAINT `orders_table_id_foreign` FOREIGN KEY (`table_id`) REFERENCES `tables` (`id`) ON DELETE CASCADE,
  ADD CONSTRAINT `orders_user_id_foreign` FOREIGN KEY (`user_id`) REFERENCES `users` (`id`);

--
-- Constraints for table `order_items`
--
ALTER TABLE `order_items`
  ADD CONSTRAINT `order_items_order_id_foreign` FOREIGN KEY (`order_id`) REFERENCES `orders` (`id`) ON DELETE CASCADE,
  ADD CONSTRAINT `order_items_product_id_foreign` FOREIGN KEY (`product_id`) REFERENCES `products` (`id`);

--
-- Constraints for table `products`
--
ALTER TABLE `products`
  ADD CONSTRAINT `products_category_id_foreign` FOREIGN KEY (`category_id`) REFERENCES `categories` (`id`) ON DELETE CASCADE;

--
-- Constraints for table `reservations`
--
ALTER TABLE `reservations`
  ADD CONSTRAINT `reservations_table_id_foreign` FOREIGN KEY (`table_id`) REFERENCES `tables` (`id`) ON DELETE CASCADE;

--
-- Constraints for table `role_has_permissions`
--
ALTER TABLE `role_has_permissions`
  ADD CONSTRAINT `role_has_permissions_permission_id_foreign` FOREIGN KEY (`permission_id`) REFERENCES `permissions` (`id`) ON DELETE CASCADE,
  ADD CONSTRAINT `role_has_permissions_role_id_foreign` FOREIGN KEY (`role_id`) REFERENCES `roles` (`id`) ON DELETE CASCADE;
COMMIT;

/*!40101 SET CHARACTER_SET_CLIENT=@OLD_CHARACTER_SET_CLIENT */;
/*!40101 SET CHARACTER_SET_RESULTS=@OLD_CHARACTER_SET_RESULTS */;
/*!40101 SET COLLATION_CONNECTION=@OLD_COLLATION_CONNECTION */;
